Firmenname;direkt;Homepage;E-Mail;PLZ;Branche;TYPO3;Shopware
Ad Visio Public und Investor Relations GmbH;;;;70197;Public Relations ;;
Adjuvante GmbH;;;;70192;Marketing ;;
Adlergestell Grundst�cksgesellschaft mbH;;;;70195;Grundst�cksgesellschaften ;;
ADUS Druckmesstechnik GmbH;;;;70193;Druckmesstechnik Elektrische und elektronische Ausr�stungen ;;
Advisa Steuerberatungsgesellschaft mbH;;;;70190;Steuerberatung ;;
Adviva Finanzberatung GmbH;;;;70197;Finanzberatung und -vermittlung ;;
Advoselect EWIV Rechtsanw�lte;;;;70193;Rechtsanw�lte ;;
Advotax Steuerberatungsgesellschaft mbH;;;;70197;Steuerberatung ;;
AFH Grundbesitz GmbH;;;;70192;Immobilien ;;
Agapedia gemeinn�tzige humanit�re Projekte GmbH;;;;70190;Wohlfahrtsverb�nde ;;
Agravi Autoglas-Gravier GmbH;;;;70199;Glasereien ;;
Aha-Verlag f�r religionsp�dag. Materialien- e.Kfr.;;;;70199;Verlage ;;
Airplan GmbH;;;;70195;Ingenieurb�ros ;;
Airship Technologies GmbH;;;;70193;Luft- und Raumfahrt ;;
Akustik Trockenbau Stuttgart GmbH;;;;70193;Isolierungen gegen W�rme, K�lte und Schall ;;
Akustik-Trockenbau Cosic GmbH;;;;70193;Isolierungen gegen W�rme, K�lte und Schall ;;
Alber GmbH, Achim;;;;70199;Malerbetriebe ;;
Albert GmbH;;;;70199;Geb�udereinigung ;;
Albrecht Fensterbau GmbH;;;info@albrecht-fenster.de;70197;Fensterbau ;;
Albrecht, Dr. med. Thomas u. Waldmann, Dr.med.;;;;70199;�rzte/ An�sthesie ;;
Albrecht, Erich;;;;70195;Wasch- und Reinigungsmittel ;;
Albrecht, Fritz;;;;70191;�rzte/ Akupunktur �rzte/ Allgemeinmedizin u. praktische �rzte �rzte/ Chiropraktiker �rzte/ Naturheilverfahren ;;
Alm Holzbearbeitungsmaschinenhdl., K. G.;;;;70190;Holzbearbeitungsmaschinen ;;
Alscher, Gisbert;;;;70193;Architekturb�ros ;;
Alt-Amerika Galerie Ulrich Hoffmann;;;;70193;Uhren ;;
Alte Heslacher Apotheke;;;;70199;Apotheken ;;
Alter Fritz am Killesberg;;;;70192;Hotels, Gasth�user und Pensionen ;;
Altvater, Dr. med. Margarete;;;;70199;�rzte/ Allgemeinmedizin u. praktische �rzte ;;
Alyacoub GmbH;;;;70199;Ingenieurb�ros ;;
Ambruch Fassadenpflege GmbH, Rudolf;;;;70197;Fassadenreinigung und -sanierung ;;
Amm & Steiner GmbH;;;;70193;Public Relations ;;
AMS GmbH;;;;70197;Immobilien ;;
AMS-Automaten GmbH;;;;70190;Spielautomaten ;;
Amsel Treff f�r Behinderte u. Nichtbehinderte GmbH;;;;70195;Behinderteneinrichtungen ;;
Anastassiou, Dr. med. Loukas;;;;70190;�rzte/ Allgemeinmedizin u. praktische �rzte ;;
Andersen, Dipl.-Ing. Bj�rn M.;;;;70192;Architekturb�ros ;;
Andreas Schirmer & Co. GmbH;;;;70195;Textilwaren ;;
Andros-Grundbesitz GmbH;;;;70192;Immobilien ;;
Anlauff, Horst H.;;;;70195;Architekturb�ros ;;
Annoncen-Expedition Fridolin L�nig Inh. Dr. Michael K�sel e. Kfm.;;;;70195;Anzeigenwerbung Werbung ;;
Antennenbau S�d GmbH;;;;70199;Fernseh-, HiFi-, Videoger�te und -zubeh�r ;;
Anzeigenagentur Manfred Ege Werbe GmbH;;;;70190;Werbung ;;
AO-Immobilien GmbH;;;;70192;Banken, Sparkassen und sonstige Kreditinstitute ;;
AOK Grundbesitz GmbH & Co. Vermietungs- KG;;;;70191;Bau- u. Siedlungsgesellschaften, Baubetreuungs- u. Wohnungsuntern., Baugenossenschaften ;;
Apotheke 55;;;;70197;Apotheken ;;
Apotheke am Killesberg;;;;70191;Apotheken ;;
Apotheke Botnang;;;;70195;Apotheken ;;
Apotheke im Laihle;;;;70195;Apotheken ;;
ARANEX Multimedia InternetProvider und InformationBroker GmbH;;http://www.aranex.de;info@aranex.de;70199;Datenverarbeitung/ Dienstleistung ;wahrscheinlich;
Arbeitsgemeinschaft Bartolitius, Butor & Partner;;;;70193;Architekturb�ros ;;
Architektengruppe Eckert, Manthos, Tagwerker;;;;70190;Architekturb�ros ;;
Arco-Wasser-Tech GmbH;;;;70199;Metallbau ;;
Arnhold & Soller GmbH & Co. KG;;;;70197;Verkehrsmittelreinigung ;;
Art Invest Kunst- und Antiquit�tenhandel Verwaltungs- GmbH;;;;70197;Antiquit�ten ;;
Asch, Dr. med. Andreas;;;;70195;�rzte/ Allgemeinmedizin u. praktische �rzte ;;
Aslan e. K., Erdogan;;;;70193;Brillen ;;
Aspirator Gesellschaft f�r Entstaubungstechnik mbH;;;;70197;Dampfkessel ;;
Ast Ingenieurges. f�r Geotechnik und Projekt steuerung mbH, Prof.;;;;70195;Ingenieure, Beratende ;;
Atelier Lohrer;;;;70190;Architekturb�ros ;;
Ates Fahrschule GmbH;;;;70191;Fahrschulen ;;
Atlantik Canada Immobilien GmbH;;;;70193;Immobilien ;;
AUE-Verlag GmbH;;;;70192;Verlage ;;
Auktionshaus Bernd Rieber Antiquit�ten u. Kunst;;;auktionshaus-rieber@t-online.de;70197;Auktionatoren und Taxatoren ;;
Auracher M�belspedition GmbH, Oswald;;;;70199;Umz�ge ;;
Auto-Gust Inh. Heinz Gust;;;;70195;KFZ-Werkstatt ;;
Auto-Haag GmbH;;;;70195;Automobile ;;
Auto-Sch�ttle GmbH Inh. G. Sch�ttle;;;;70195;Automobile ;;
Auto-Staiger GmbH;;;;70191;Automobile ;;
Autobedarf Lambert Patzelt oHG;;;;70197;Autoteile und -zubeh�r ;;
Autohaus Moltke-Garage GmbH;;;;70197;KFZ-Werkstatt ;;
Autohaus Niederberger GmbH & Co.;;;;70191;KFZ-Werkstatt ;;
Autohaus Schlachter GmbH;;;;70195;Automobile ;;
Autohaus Schmidle GmbH;;;;70199;Automobile ;;
B & L Autoservice und Pflegecenter GmbH;;;;70197;Automobile ;;
B. E. S. T. B�ro- und EDV-Service GmbH;;;;70197;Softwareentwicklung ;;
Baacke � Gunther;;;;70192;Architekturb�ros ;;
Baden-W�rttembergischer Handwerkstag;;http://www.handwerk-bw.de/;info@handwerk-bw.de;70191;Landeshandwerksvertretungen ;wahrscheinlich;
Bader, Hans-Peter;;;;70193;Rechtsanw�lte ;;
B�ckerei K�chele Inh. Paul Moser;;;;70199;Brot und Backwaren ;;
Bahnm�ller GmbH;;;;70195;B�rotechnik ;;
Baldauf , Dr. Ing. Gerd;;;;70199;Architekturb�ros ;;
Barclays Industrie Leasing GmbH;;;;70197;Finanzierungen ;;
Baresel AG;;;;70191;Hoch- und Tiefbau ;;
Barth IVS GmbH;;;;70195;Immobilien ;;
Barwasser, Ortwin;;;;70192;Rechtsanw�lte ;;
Bassfeld Ingenieurb�ro GmbH, Helmut;;;;70197;Ingenieurb�ros ;;
Bau Boden Schwaben Baubetreuungs- und Verwaltungsgesellschaft mbH;;;;70192;Bautr�gergesellschaften ;;
Bau- und Heimst�ttenverein Stuttgart eG;;;;70191;Immobilien ;;
bauatelier GbR;;http://www.bauatelier.de;office@bauatelier.de;70193;Bauunternehmen ;wahrscheinlich nicht;wahrscheinlich nicht
Bauatelier Haas und Hiesch;;;;70193;Architekturb�ros ;;
Bauberatung Wurth GmbH;;;;70192;Gutachten und Beratung ;;
Bauch u. Sibbor;;;;70193;Rechtsanw�lte ;;
Bauder GmbH & Co. Grundst�cks KG;;;;70193;Bau- u. Siedlungsgesellschaften, Baubetreuungs- u. Wohnungsuntern., Baugenossenschaften ;;
Bauelemente Complett Service Fenstertechnik & Natursteine Vertriebs GmbH;;;;70199;Fliesenfachgesch�fte ;;
Bauelemente K�hn GmbH;;;;70195;Werkzeuge ;;
Bauen und Wohnen GmbH;;;;70193;Immobilien ;;
Bauer, Alfred;;;;70192;Rechtsanw�lte ;;
Bauer, Dr. med.  Herbert;;;;70193;�rzte/ Innere Medizin Allgemein �rzte/ Sportmedizin ;;
Bauer, Dr. med. W.;;;;70197;�rzte/ Allgemeinmedizin u. praktische �rzte ;;
BAUKA Kaminbau GmbH;;;;70195;Schornsteinbau ;;
Baum, Dr. M. Jur. Marcus;;;;70192;Rechtsanw�lte ;;
Baumarkt Bosch;;;;70197;Fliesenfachgesch�fte ;;
Baumaschinen Vertriebs GmbH;;;;70195;Baumaschinen ;;
Baumg�rtner, Dipl.-Ing. Oliver;;;;70192;Architekturb�ros ;;
Bauprojekt Fadini GmbH;;;;70197;Immobilien ;;
Baur Karosserie- und Fahrzeugbau GmbH;;;;70190;Fahrzeugbau ;;
Baustart Com GmbH;;;;70193;Datenverarbeitung ;;
Bautreuhand Plochingen GmbH;;;;70195;Bautr�gergesellschaften ;;
Bauwerk Atelier f�r Gebrauchsarchitektur;;;;70197;Architekturb�ros ;;
Beck & Co. KG, Dr. Walter;;;;70193;Maschinen ;;
Beerbaum, R. und G.;;;;70193;Getr�nke ;;
Behnisch & Partner;;;;70197;Architekturb�ros ;;
Bema-Immobilienhandelsges. mbH;;;;70190;Papier- und Schreibwaren ;;
Benz-Benzens Werbeagentur GmbH;;;;70190;Datenbanken ;;
Berger & Partner Schreinerei und Innenausbaugesell. mbH;;;;70190;Bautischlereien, Bauschreinereien ;;
Bergh�user Inh. Bergh�user-Seiter e. K., Karl;;;;70192;Pharmazeutika ;;
Bergmeister;;;;70190;Hotels, Gasth�user und Pensionen ;;
Berner Hausverwaltungen GmbH, G.;;;;70199;Immobilien ;;
Bertolina GmbH;;;;70197;Maschinen ;;
Bestseller Medienversandhandel GmbH;;;;70191;Verlage ;;
Beyer, Dipl.-Ing. Dieter;;;;70195;Architekturb�ros ;;
Beyer, Dipl.-Ing. Wolfgang;;;;70197;Architekturb�ros ;;
Beyer, Weitbrecht, Stotz;;;;70193;Architekturb�ros ;;
Bidlingmaier, Egenhofer u. D�bbers;;;;70190;Architekturb�ros ;;
Big Tech GmbH Elektrofachm�rkte & Co.;;;;70192;Fernseh-, HiFi-, Videoger�te und -zubeh�r ;;
Bihlplatz-Apotheke;;;;70199;Apotheken ;;
Binder, Dipl.-Ing. W.;;;;70191;Architekturb�ros ;;
Birkle, Detlef;;;;70199;Architekturb�ros ;;
Bismarck-Apotheke;;;;70197;Apotheken ;;
Bizer-Architekten;;;;70192;Architekturb�ros ;;
Blauwert Architektur u. Medien;;;;70193;Architekturb�ros ;;
Bliklen GmbH;;;;70192;Banken, Sparkassen und sonstige Kreditinstitute ;;
Bloch, R�diger;;;;70199;�rzte/ Allgemeinmedizin u. praktische �rzte ;;
BLUE C. Verlag GmbH;;http://www.design-report.de;;70190;Verlage ;wahrscheinlich nicht;wahrscheinlich nicht
Blue Flame Marketing GmbH;;;blueflame@t-online.de;70192;Public Relations ;;
Blue Tec Schleifwerkzeuge Vertriebsgesellschaft mbH;;;;70199;Werkzeuge ;;
Blumen Franke GmbH;;;;70192;Blumen und Pflanzen ;;
Blumen Kuhrt oHG;;;;70190;Blumen und Pflanzen ;;
Blumenhaus M�ller Inh. Christel M�ller e.K.;;;;70199;Blumen und Pflanzen ;;
Blumenhaus Steinle GmbH;;;;70195;Gartenbaubetriebe ;;
Bluth, Dipl.-Ing. Josef;;;;70195;Architekturb�ros ;;
Blutsgeschwister GmbH;;;;70191;Bekleidung ;;
B�hm, Oliver;;;;70191;Rechtsanw�lte ;;
B�hmler GmbH;;;;70191;Schlossereien ;;
Bofinger & K�mmerle GmbH;;;;70193;Sanit�re Installationen, Klempnereien ;;
Bofinger & Weishaupt AG Gesellschaft f�r infrastruktuelle Entwicklung La Palma;;;;70195;Dienstleistungen Dienstleistungen ;;
Bohler;;;;70192;Hotels, Gasth�user und Pensionen ;;
Bolz GmbH, Dr.;;;;70197;Banken, Sparkassen und sonstige Kreditinstitute ;;
Bonfert, G�tz;;;;70195;Architekturb�ros ;;
Boos Kellnermesser GmbH;;;;70193;Werbegeschenke ;;
Bosch & Sch�rle;;;;70197;B�nder und Gurte Papier ;;
Bosch GmbH & Co. KG, Alban;;;;70191;Sanit�re Installationen, Klempnereien ;;
Bosch Sicherheitssysteme GmbH;;;;70192;Elektronische Bauteile ;;
Bothner, K.;;;;70193;Bekleidung ;;
Br�uchle, Dipl.-Ing. Robert;;;;70193;Architekturb�ros ;;
Brainority Software GmbH;;;;70199;Softwareentwicklung ;;
Bramer Pflege GmbH;;;;70197;Kranken- und Altenpflege ;;
Braun GmbH, Gebr�der;;;;70192;Immobilien ;;
Breckwoldt, Maren u. Koch, Peter;;;;70192;Architekturb�ros ;;
Breinersdorfer Rechtsanwaltskanzlei;;;;70190;Rechtsanw�lte ;;
Brenner, Dipl.-Ing. Alexander;;;;70197;Architekturb�ros ;;
Breuninger GmbH, Helga;;;;70192;Forschung und Entwicklung ;;
Breuninger, Dipl.-Ing. Michel;;;;70191;Architekturb�ros ;;
Brezing e. K.;;;die.brezings@t-online.de;70197;Haus- und K�chenger�te ;;
Bro Fichtner GmbH & Co. KG, Carl;;;;70191;Tiefbau ;;
Broadcast Technology GmbH;;;;70193;Dienstleistungen Dienstleistungsbetriebe ;;
Brommer, Claus;;;;70199;Architekturb�ros ;;
Brucker Inh. Hansj�rg D�ringer, Philipp;;;;70193;Buchhandlungen ;;
Bruckmann, Erhard;;;;70193;Rechtsanw�lte ;;
Bruder GmbH, G.;;;;70193;Gastst�tten ;;
Bruhn-Elektro-Hausger�te Handelsgesellschaft mbH;;;;70190;Elektrofachhandel Elektrohandel ;;
Brunata W�rmemesser Werner Lehmann GmbH & Co.;;;;70190;Mess- und Regeltechnik ;;
Brustzentrum am Karl-Olga-Krankenhaus;;http://www.stuttgart-brustzentrum.de;info@stuttgart-brustzentrum.de;70190;�rzte/ Diagnostische Radiologie �rzte/ Frauenheilkunde und Geburtshilfe �rzte/ Radiologie ;wahrscheinlich nicht;wahrscheinlich nicht
BSU Bewachungs- und Sicherheitsunternehmen GmbH;;;;70191;Wach- und Sicherheitsunternehmen ;;
Bucerius Sperling Grundbesitz GmbH;;;info@schlaubau.com;70192;Immobilien ;;
Buchbinderei Winfried Schuster GmbH;;;;70199;Buchbindereien ;;
Buchversand Herbert Krebs GmbH;;;;70190;Verlage ;;
B�low AG;;;info@buelow-ag.de;70191;Bautr�gergesellschaften ;;
B�low Planen und Bauen GmbH;;;;70191;Bautr�gergesellschaften ;;
B�rling Architekten;;http://www.buerling-architekten.de;info@buerling-architekten.de;70192;Architekturb�ros ;wahrscheinlich nicht;wahrscheinlich nicht
B�ro Direkt B�robedarf Handelsgesellschaft mbH;;;;70197;B�robedarf und -einrichtungen ;;
Bulut Baukonstruktions GmbH;;;;70195;Ingenieurb�ros ;;
Burgdorf GmbH & Co. KG;;;;70191;Chemische Untersuchung und Beratung ;;
Burger, Kurt;;;;70193;Rechtsanw�lte Steuerberatung ;;
Busch GmbH;;;;70197;Sanit�re Installationen, Klempnereien ;;
Buss, Claudia;;;;70192;Rechtsanw�lte ;;
Bux, Susanne;;;;70190;�rzte/ Psychiatrie und Psychotherapie ;;
C18;;;;70193;Architekturb�ros ;;
Caddict GmbH;;;;70197;Softwareentwicklung ;;
Cadis CAD-Informationssysteme GmbH;;;;70191;Softwareentwicklung ;;
Cantus Mundi AG;;;info@cantus-mundi.de;70199;Musikverlage ;;
Carus-Verlag GmbH;;;;70199;Verlage ;;
Castor Film GmbH;;;;70190;Film- und Videofilmproduktion ;;
CBA Consulting-Bauen-Anlagen GmbH;;;;70199;Banken, Sparkassen und sonstige Kreditinstitute ;;
CCP Werbeagentur GmbH;;;;70197;Werbeagenturen ;;
CCR Architekten GbR;;;;70190;Architekturb�ros ;;
CCV Company Communications Vantage GmbH;;;;70191;Dienstleistungsbetriebe ;;
CD-Mini GmbH;;;;70197;Buchdruckereien ;;
CE CIMPOACA ELEKTRONIK GMBH;;;;70190;Datenverarbeitung/ Beratung/Verkauf Hardware/Software ;;
Chevalier GmbH W�scherei;;;;70190;W�schereien ;;
Chini GmbH & Co. KG;;;;70190;Dachbaustoffe ;;
City Express Hans-Joachim Schmalz e. K.;;;;70197;G�ternahverkehr, G�terfernverkehr ;;
City Express Peter Hoffeins e.K.;;;;70197;G�ternahverkehr, G�terfernverkehr ;;
Claus, Carsten u. Welten, Armin;;;;70190;Rechtsanw�lte ;;
Clean Optimal Geb�udereinigungs GmbH;;;;70197;Geb�udereinigung ;;
Clement, Dipl.-Ing. Wolfgang;;;;70192;Architekturb�ros ;;
Club Arte Kunst- und Genussereignisse GmbH;;;;70199;Kunsthandel ;;
CMC Deutschland GmbH;;;;70197;Automobile ;;
CMC Giannaris, Ilias;;http://www.cmc-stuttgart.de;;70199;Architekturb�ros ;wahrscheinlich nicht;wahrscheinlich nicht
Colonia Nordstern Lebens versicherungs-Management AG;;;;70190;Versicherungen/ Lebensversicherungen ;;
Colonia Nordstern Versiche rungs-Management AG;;;;70190;Versicherungen/ allgemein, Versicherungsgesch�fte ;;
Compagnon Marktforschungs-Institut GmbH & Co. KG;;;;70195;Markt- und  Meinungsforschung ;;
Con Ro Seefrachtkontor Klaus Weylkirchner GmbH;;;;70193;Speditionen ;;
Continua Kunststoffverarbeitung GmbH & Co. Handels KG;;;;70197;Kunststoffverarbeitung ;;
Cosmedicus;;http://www.cosmedicus.de;info@cosmedicus.de;70190;�rzte/ Haut- und Geschlechtskrankheiten �rzte/ Lasertherapie ;wahrscheinlich;
CPS Gesellschaft f�r Informationsverarbeitung mbH;;;;70190;Datenverarbeitung/ Anwendungen und Dienstleistungen ;;
CPS Salvey GmbH;;;;70193;Satzherstellung und Reproduktion ;;
Cross-Fade GmbH;;;;70197;Ton-, Bild- und Datentr�gervervielf�ltigungen ;;
Cteam Consulting und Anlagenbau GmbH;;;;70191;Ingenieurb�ros ;;
D & S Datenverarbeitung und-Systeme GmbH;;;;70195;Datenverarbeitung ;;
D sign Werbeagentur GmbH;;;;70190;Werbung ;;
dabau Datenservice Bauwesen GmbH;;;;70195;Ingenieurb�ros ;;
Dachdeckermeister Lenz GmbH;;;;70195;Dachdeckereien ;;
Daimler Chrysler Mitarbeiter Fahrzeuge Leasing GmbH;;;;70191;Leasing, Kraftfahrzeuge ;;
Daimler Chrysler Services Leasing GmbH;;;;70191;Finanzierungen ;;
DaimlerChrysler Mitarbeiter Fahrzeuge Leasing GmbH;;;;70191;Leasing, Kraftfahrzeuge ;;
Daj Sportmarketing GmbH;;;;70197;Marketing ;;
Daldrop, Monika u. Daldrop, Norbert;;;;70193;Architekturb�ros ;;
Dam-Soft Inh. Peter Dambrowsky e.K.;;;;70199;B�rotechnik ;;
DAN Netzwerk Deutscher Apotheker GmbH;;;portal@apotheken.de;70191;Netzwerke ;;
Dart Visuelle Kommunikation GmbH;;;;70199;Werbung ;;
Data Com GmbH;;;;70197;Elektroinstallationen ;;
Data Design und Management GmbH;;;;70195;Softwareentwicklung ;;
Davinci Gesellschaft f�r Patentmarketing mbH & Co. KG;;;;70191;Patentverwertung ;;
DAW-Gesellschaft f�r Wirtschaftsberatung mbH;;;;70193;Wirtschaftsberatung ;;
DBV Verlag GmbH;;;dbvbooks@netscape.net;70191;Verlage ;;
De Mite & K�hler;;http://www.kdmk.de;info@kdmk.de;70199;Rechtsanw�lte ;wahrscheinlich nicht;wahrscheinlich nicht
Decker, Wolfram;;;;70199;Rechtsanw�lte ;;
Degel, Dr. med.  Dinu-Georg;;;;70195;�rzte/ Augenheilkunde ;;
Degwert, Dr. med. R�diger;;;;70193;�rzte/ Chiropraktiker �rzte/ Sportmedizin ;;
Dehn Nachfolger GmbH & Co. KG, Ernst;;;info@ernst-dehn.de;70199;Mineral�le ;;
Deis oHG, Anton;;;;70197;Dienstleistungen Dienstleistungsbetriebe ;;
Deixelberger Kohlen- und Heiz�lhandlung, L.;;;;70195;Brennstoffe ;;
Delphi Medien Verlag GmbH;;;;70190;Verlage ;;
Delta-Universalabbruch GmbH;;;;70191;Abbruchunternehmen ;;
Denneler, Prof. Dipl.-Ing. Hans;;;;70193;Architekturb�ros ;;
Dentallabor f. implant. Zahnersatz GmbH;;;;70199;Zahntechnische Laboratorien ;;
DePfa Bank AG BauBoden;;;;70191;Banken, Sparkassen und sonstige Kreditinstitute ;;
Der Deutsche Schreiner Verlag GmbH;;;;70190;Verlage ;;
Der Kleine Stuttgarter Helmut Nehr;;;;70195;Omnibusunternehmen ;;
Dersch, Dipl.-Ing. Robert;;;;70197;Architekturb�ros ;;
Design Management Eva Hajek-Brucklacher;;;;70193;Werbung ;;
Design und mehr produktion U. und H. Schneider GmbH;;;;70192;Grafikdesign ;;
Detlefsen Gnas GmbH;;;info@detlefsen-gnas.de;70197;Public Relations ;;
Deutsche �rzte-Finanz Service-Center;;;;70190;;;
Deutsche �rzte-Finanz Service-Center;;;;70190;Versicherungen/ allgemein, Versicherungsgesch�fte ;;
Deutsche Verlagsanstalt GmbH;;http://www.dva.de;inFo@dva.de;70190;Verlage ;wahrscheinlich nicht;wahrscheinlich nicht
Deutscher Apotheker-Verlag Dr. Roland Schmiedel GmbH & Co;;;;70191;Verlage ;;
Deutscher B�cherbund GmbH;;;;70191;Verlage ;;
DEV Datenerfassungs- und Verarbeitungsges.  mbH;;;;70190;Datenverarbeitung ;;
DEWE Medien GmbH;;;;70190;Fernseh- und Filmproduktion ;;
Di Frisco Geb�udereinigung GmbH;;;;70193;Geb�udereinigung ;;
Di Frisco Sanierungstechnik GmbH;;;;70193;Geb�udereinigung ;;
Diakonie EDV Service GmbH;;;;70191;B�rotechnik ;;
Dialyse-Zentrum Marienpark;;;;70199;�rzte/ Innere Medizin Allgemein �rzte/ Nephrologie ;;
Die Einrichtung Gesellschaft f�r modernes Wohnen Lothar J�nel & Co. GmbH;;;;70197;Raumausstattung ;;
Die Querative GmbH;;;;70195;Marketing ;;
Dieckh�fer, Ulrike;;;;70197;Rechtsanw�lte ;;
Diem & Partner;;;;70193;Rechtsanw�lte ;;
Dietz GmbH, Manfred;;;;70195;Malerbetriebe ;;
Dietze, Johannes;;;;70191;Rechtsanw�lte ;;
Diez Grundst�cksverwaltung GmbH;;;;70195;Immobilien ;;
Digiraster Tetzner GmbH Elektronikdienstleistungen;;;;70197;Ingenieurb�ros ;;
Digital Radio S�dwest GmbH;;;;70190;Kommunikationssysteme ;;
dimension 5;;http://www.dimension5.de;info@dimension5.de;70193;Architekturb�ros ;wahrscheinlich nicht;wahrscheinlich nicht
Direct Mail-Alternative GmbH;;;;70197;Werbung ;;
Direkte Data Marketing GmbH;;;info@direkte-data.de;70197;Direktmarketing ;;
Dispo Organisation GmbH;;;;70193;Softwareentwicklung ;;
Distel Media GmbH;;;;70191;K�nstleragenturen ;;
Djordjevic-M�ller, Dipl.-Ing. Maja;;;;70193;Architekturb�ros ;;
DKS - Dreesens, Sven u. Knies, Steffen u. Stumpf, Jutta;;;;70190;Rechtsanw�lte ;;
dmp architekten gmbh;;;;70190;Architekturb�ros ;;
Doderer, Dipl.-Ing. Yvonne;;;;70193;Architekturb�ros ;;
D�ge-Trommer, Dipl.-Ing. B.;;;;70197;Architekturb�ros ;;
D�hring, Ilse;;;;70192;Architektur / Innenarchitektur ;;
Dolde und Partner Rechtsanw�lte;;http://www.eventdesign.com;edesign@compuserve.com;70191;Rechtsanw�lte ;wahrscheinlich nicht;wahrscheinlich nicht
Dolderer, Dr. med.  Regine;;;;70193;�rzte/ Allergologie �rzte/ Kinderheilkunde ;;
Dollinger, Hartmut;;;;70193;Architekturb�ros ;;
Dollinger, Horst P.;;;;70191;Architekturb�ros ;;
Dongowski & Simon GmbH;;;post@dongo.de;70192;Werbeagenturen ;;
Dorint Budget Hotel;;;;70191;Hotels, Gasth�user und Pensionen ;;
Doster, Dr. jur. Richard;;;;70192;Rechtsanw�lte ;;
Dr. Jungbauer Umweltkonzepte;;http://www.dr-jungbauer.de;info@dr-jungbauer.de;70192;Ingenieurb�ros ;error;error
Drei neun Mediengestaltung GmbH;;;info@drei.neun.de;70193;B�rotechnik ;;
Dresdner Treuhand Immobilien GmbH & Co. KG;;;;70197;Bautr�gergesellschaften ;;
Dressel GmbH, J.;;http://www.jdressel.de;mail@jdressel.de;70197;Softwareentwicklung ;wahrscheinlich nicht;wahrscheinlich nicht
Drive - Tours Reisen GmbH;;;;70190;Reiseveranstalter ;;
Drop Textilvertriebs-GmbH;;;;70197;Textilwaren ;;
Druck und Graphik Wilhelm Ruwe e. K.;;;;70190;Druckereien ;;
Druckerei Schwerdtner GmbH;;;;70197;Buchdruckereien ;;
Duder, W. u. Kiess, Dipl.-Ing. J.;;;;70191;Architekturb�ros ;;
Durian Gastst�tten-Betriebs GmbH;;;;70197;Gastst�tten ;;
Durma Messe Stuttgart International GmbH;;;;70192;Messen, Ausstellungen und Kongresse ;;
Dussmann GmbH & Co. KG Zweigniederlassung Stuttgart, P.;;;;70191;Geb�udereinigung ;;
Dzingel, Dr. med. R.;;;;70197;�rzte/ Allergologie �rzte/ Ambulante Operationen �rzte/ Haut- und Geschlechtskrankheiten �rzte/ Lasertherapie ;;
E-Bit Company GmbH;;;info@ebit-company.de;70192;Softwareentwicklung ;;
E. A. Dienstleistungen an Brillenfassungen e. K.;;;;70197;Laborbedarf ;;
E. vent. m GmbH;;;;70193;Messen, Ausstellungen und Kongresse ;;
Ebdac Software GmbH;;;info@ebdac.de;70199;Softwareentwicklung ;;
Eberhardt & Partner GmbH;;;;70192;Immobilien ;;
EBG Verlags GmbH;;;;70191;Verlage ;;
Ebinger, Dr. Barbara;;;;70193;Rechtsanw�lte ;;
Eck, Dipl.-Ing. Markus;;;;70192;Architekturb�ros ;;
Eckel;;;;70193;Hotels, Gasth�user und Pensionen ;;
Eckstein, Rudolf;;;;70192;Architekturb�ros ;;
ECOMA Maschinen und Elektronik Vertriebs GmbH;;;;70195;Fotografische Apparate und Artikel ;;
Edition Michael Fischer GmbH;;;;70192;Verlage ;;
EDV-Beratung Machold GmbH;;http://www.machold.de;;70191;Datenverarbeitung/ Beratung/Verkauf Hardware/Software ;wahrscheinlich nicht;wahrscheinlich nicht
EDV-Labor GmbH;;;;70192;B�rotechnik ;;
Eggebrecht, Karl;;;;70199;Rechtsanw�lte ;;
Eisenbahn-Siedlungsgesellschaft Stuttgart gGmbH;;;esg.stuttgart@t-online.de;70191;Bau- u. Siedlungsgesellschaften, Baubetreuungs- u. Wohnungsuntern., Baugenossenschaften ;;
Eisentraut;;;;70193;Architekturb�ros ;;
Ekastu Safety GmbH;;http://www.ekasto.de;;70197;Lederwaren ;error;error
El Jundi, Dipl.-Ing. Munir;;;;70193;Architekturb�ros ;;
El Samman, Dr. med. L.;;;;70191;�rzte/ Allgemeinmedizin u. praktische �rzte �rzte/ Lungen- u. Bronchialheilkunde �rzte/ Pneumologie ;;
Elektro Gutjahr GmbH;;;;70193;Elektroinstallationen ;;
Elektro Haas GmbH;;;;70197;Elektroinstallationen ;;
Elektro Kamm & Piro GmbH;;;;70193;Elektroinstallationen ;;
Elektro Messer GmbH;;;;70197;Elektroinstallationen ;;
Elektro-H�rtig GmbH;;;;70190;Elektroinstallationen ;;
Elektrogro�handlung Karl Waldner GmbH;;;;70197;Fernseh-, HiFi-, Videoger�te und -zubeh�r ;;
Ellenrieder Hausverwaltung GmbH;;;;70192;Immobilien ;;
Ells�sser, Jaana;;;;70190;Architekturb�ros ;;
Elo-Tec GmbH;;;;70197;Elektroinstallationen ;;
EMA Engineering Maschinen- und Apparatebau GmbH;;;;70197;Ingenieurb�ros ;;
Emch & Berger GmbH Ingenieure und Planer;;;;70191;Ingenieurb�ros ;;
Emch und Berger GmbH;;;;70191;Ingenieurb�ros ;;
emdrey consulting Ges. f. Entwicklung u.Realis. von Bauprojekten mbH;;;;70193;Immobilien ;;
Emer GmbH, Carl-Michael;;;;70192;Bau- u. Siedlungsgesellschaften, Baubetreuungs- u. Wohnungsuntern., Baugenossenschaften ;;
Emer Vermietungs-GmbH & Co. KG, Carl-Michael;;;;70192;Bau- u. Siedlungsgesellschaften, Baubetreuungs- u. Wohnungsuntern., Baugenossenschaften ;;
Emmerich-R�hr Marketing GmbH;;;;70197;Uhren ;;
Enders, Dr. med. Gisela;;;;70193;�rzte/ Laboratoriumsmedizin ;;
Endress-Wach, Dr. med. Ursula;;;;70190;�rzte/ Frauenheilkunde und Geburtshilfe ;;
Energie und Medien Verlag GmbH;;;;70192;Verlage ;;
Engel Heizungs-GmbH;;;Engel.Heizung@t-online.de;70195;Heizungs- und L�ftungsbau ;;
Engelhornverlag GmbH;;;;70190;Verlage ;;
Englert � Voggel � Senn;;;;70190;Rechtsanw�lte ;;
Entwicklungsgesellschaft f�r urbane Wirtschafts - und Nutzungskonzepte mbH;;;;70197;Ingenieure, Beratende ;;
Epos systemhaus GmbH;;;;70191;Datenverarbeitung ;;
Epple, H.;;;;70195;Bekleidung ;;
Erdrich & Maier GmbH;;;;70190;Druckereien ;;
Eurasien GmbH;;;;70190;Imbissbetriebe ;;
Euro Lloyd Breuninger Reiseb�ro GmbH & Co. KG;;;;70191;Reiseb�ros, Touristik ;;
Euroarts Entertainment Filmproduktions GmbH & Co. oHG;;;;70190;Film- und Videofilmproduktion ;;
Euroarts Music International GmbH;;;;70190;Filmverleih ;;
Euroconsult Treuhand J�ger GmbH;;;;70199;Steuerberatung ;;
Evangelisches Medienhaus GmbH;;;;70197;Werbeagenturen ;;
Expoint Werbeagentur Udo Frank;;;;70193;Werbeagenturen ;;
F. M. Immobilien GmbH;;;;70190;Immobilien ;;
Fabritius, Dr. med. Peter;;;;70190;�rzte/ Arbeitsmedizin ;;
Factor 4 U Studio Fitness Stuttgart GmbH;;;;70197;Solarien ;;
Fadini GmbH Wege- und Landschaftsbau, Peter;;;;70197;Garten- und Landschaftsbau ;;
Fahrion GmbH, Paul;;;;70197;Heizungs- und L�ftungsbau ;;
Faiss, Josef;;;;70193;Architekturb�ros ;;
Falck Technik GmbH;;;;70190;Elektroinstallationen ;;
Faller, Dieter;;;;70197;Architekturb�ros ;;
Familienschutz Versicherung AG;;;;70197;Versicherungen/ Sachversicherungen ;;
Fandrich Rechtsanw�lte-Partnerschaftsgesellschaft, Dr.;;;;70192;Rechtsanw�lte ;;
FAS AG;;;info@fas-ag.de;70199;Verm�gensverwaltung ;;
Fassadenschutz GmbH;;;;70197;Abdichtungen gegen Wasser und Feuchtigkeit ;;
Fatih-Touristik GmbH;;;;70191;Reiseb�ros, Touristik ;;
Fatih-Tours Flugdienst GmbH;;;;70191;Reiseb�ros, Touristik ;;
Faul, Dr. med.  Daniel;;;;70193;�rzte/ Kinderheilkunde ;;
FCB Freizeit-Club Betreuungs-GmbH & Co.;;;;70191;Filmverleih ;;
FDC Gesellschaft zur Vermittlung von Fondsanlagen mbH;;;;70199;Banken, Sparkassen und sonstige Kreditinstitute ;;
Feinkost-Fischer Getr�nke-Dienst-West oHG;;;;70193;Feinkost ;;
Fernsehturm Betriebs- GmbH;;;;70190;Hotels, Gasth�user und Pensionen ;;
Fibratex Faservertriebs-GmbH;;;;70192;H�ute und Felle ;;
Fichtner Bauconsulting GmbH;;;;70191;Ingenieurb�ros ;;
Fichtner Development Engineering GmbH;;;;70191;Ingenieurb�ros ;;
Fichtner GmbH & Co. KG;;http://www.fichtner.de;v@fichtner.de;70191;Ingenieurb�ros ;wahrscheinlich;
Fichtner Ingenieurconsulting GmbH;;;;70191;Ingenieurb�ros ;;
Fichtner International GmbH & Co. Consulting Engineers KG;;http://www.fichtner.de;v@fichtner.de;70191;Ingenieurb�ros ;wahrscheinlich;
Fichtner Solar GmbH;;;;70191;Ingenieurb�ros ;;
Fiducia AG ZwNl. Stuttgart;;;info@fiducia.de;70191;Datenverarbeitung ;;
Fiedler � Aichele;;;;70192;Architekturb�ros ;;
Fink, Anton;;;;70190;Stickereien ;;
Finkbeiner GmbH Organisations- und Datentechnik;;;;70193;B�rokommunikation B�rotechnik ;;
Fischer, Dr. med. Rainer;;;;70197;�rzte/ Frauenheilkunde und Geburtshilfe ;;
Fischer, Dr. med. Rainer u. Klump, Dr. med.  Regine;;;;70197;�rzte/ Frauenheilkunde und Geburtshilfe ;;
Fischer-Rost, Christina;;;;70197;Rechtsanw�lte ;;
Fitness-Company GmbH;;;;70191;Solarien ;;
Flaig & Flaig GmbH;;;;70191;Werbung ;;
Fleiner GmbH;;;;70193;B�robedarf und -einrichtungen ;;
Fleiner GmbH & Co. Internat.Einrichtungen KG;;;;70193;M�bel M�belgro�handel ;;
Fleiner M�bel GmbH & Co.;;;;70193;M�bel M�belhandel ;;
Flemming Dental GmbH;;;;70190;Zahntechnische Laboratorien ;;
Fliesenfachgesch�ft �ckert GmbH;;;;70190;Fliesenverlegebetriebe ;;
Fl�ss Glasgro�handlung GmbH, Otto;;;;70190;Glasveredlung ;;
Fluhr KG, Otto;;;;70199;Fleisch- und Wurstwaren Fleischverarbeitung ;;
Fondag Immobilienfonds AG;;;;70191;Immobilien ;;
Foth, Sabine;;;;70199;Rechtsanw�lte ;;
Frahm, Dr. med. Johann;;;;70199;�rzte/ Innere Medizin Allgemein ;;
Franck, Dr. Walter;;;;70192;�rzte/ Allgemeinmedizin u. praktische �rzte ;;
Frauenunternehmen Zora gGmbH Zukunft und Orientierung durch Arbeit und Ausbildung;;;;70190;Bildungszentren ;;
Frey Services Deutschland GmbH;;;;70190;Dienstleistungen Dienstleistungsbetriebe ;;
Frey, Georg;;;;70193;Architekturb�ros ;;
Friederichsen, Klaus;;;;70192;Architekturb�ros ;;
Friess & H.K. Merkle oHG, P.;;http://www.friessmerkle.de;;70197;Verm�gensberatung ;wahrscheinlich nicht;wahrscheinlich nicht
Friess & Merkle Elektroanlagen GmbH;;http://www.friessmerkle.de;;70197;Elektroinstallationen ;wahrscheinlich nicht;wahrscheinlich nicht
Frischdienst-Zentrale S�d GmbH & Co.;;;;70191;Dienstleistungsbetriebe ;;
Frischdienst-Zentrale S�d GmbH & Co. KG;;;;70191;Dienstleistungen ;;
Fritz, Erich;;;;70191;Architekturb�ros ;;
Fritz, Max;;;;70190;Lederwaren ;;
Friz & Jeutter GmbH & Co. KG;;;;70190;Oberfl�chenveredelung ;;
Frohnmayer und Partner;;;;70190;Architekturb�ros ;;
Frohnmayer, Dipl.-Ing. Ulrich u. Gohl-Frohnmayer, Petra;;;;70193;Architekturb�ros ;;
Fromme � Meinshausen � Schneider � Traub - Dres.;;http://www.nierenzentrum-stuttgart.de;nieren-zentrum.stuttgart@dgn.de;70191;�rzte/ Innere Medizin Allgemein �rzte/ Innere Medizin H�matologie �rzte/ Innere Medizin Onkologie �rzte/ Nephrologie ;wahrscheinlich;
Fuchs & Partner Unternehmensstrategien GmbH;;;fuchs_partner@t-online.de;70192;Unternehmensberatung ;;
Fusion publishing GmbH;;;;70193;Datenverarbeitung ;;
FZ Frische Service GmbH & Co. KG;;;;70191;Lebensmittel, tiefgek�hlte ;;
G & M Gann und Maurer Automobilhandelsgesellschaft mbH;;;;70191;Automobile ;;
G. U. T. Goema GmbH;;;;70191;Forschung und Entwicklung ;;
Gabeler, Michael;;;;70192;Architekturb�ros ;;
Gabriel, Dr. med. Lothar;;;;70190;�rzte/ Innere Medizin Allgemein ;;
G�rtner, Dipl.-Ing. Peter;;;;70192;Architekturb�ros ;;
Gailing GmbH;;http://www.gailing.de;;70199;Speditionen ;wahrscheinlich nicht;wahrscheinlich nicht
Gailing Grundst�cksverwaltungs-GmbH & Co. KG;;http://www.gailing.de;;70199;Immobilien ;wahrscheinlich nicht;wahrscheinlich nicht
Galetzki, Wolf;;;;70197;Glasereien ;;
Ganzhorn, Klaus u. Weiberle, Lutz;;;;70199;Rechtsanw�lte ;;
Gasic Bestattungen e. K.;;;;70190;Bestattungsinstitute Bestattungswesen ;;
Gasser und Wittmer;;;;70197;Architekturb�ros ;;
Gauggel GmbH;;;info@gauggel-sanitaer.de;70197;Sanit�re Installationen, Klempnereien ;;
Gauggel, Elmar;;;;70197;Architekturb�ros ;;
Geiger GmbH + Co. KG, Rolf;;http://www.wohnbaugeiger.de;;70197;Wohnungsbauunternehmen ;wahrscheinlich nicht;wahrscheinlich nicht
Geiger, Heinz;;;;70190;Rechtsanw�lte ;;
Geisenheyner & Crone;;;;70191;Verlage ;;
Geld- und Werttransporte GmbH;;;;70191;Geld- und Werttransporte ;;
Gellink + Schw�mmlein;;;;70197;Architekturb�ros ;;
Gemeinn�tzige Betriebs GmbH;;;;70190;Alten- und Pflegeheime ;;
Gemeinn�tzige Gymnastik- und Sportschule Glucker GmbH;;;gluckerschule@t-online.de;70193;Sport- und Freizeitanlagen ;;
Geno Strom GmbH;;;;70191;Energieversorgung ;;
Geno-Haus Stuttgart GmbH & Co. KG;;;;70191;Immobilien ;;
Geno-Milchwerbung GmbH;;;;70191;Werbung ;;
Geno-Treuhand GmbH;;;;70191;Immobilien ;;
Genossenschaftliche Treuhand-GmbH ZwNdl. Stuttgart;;;;70191;Inkassob�ros ;;
Genter & Partner Werbeagentur GmbH;;;;70190;Werbeagenturen ;;
Gentner Verlag GmbH & Co. KG, Alfons W.;;;;70193;Verlage ;;
Gergs, Herbert;;;;70197;Architekturb�ros ;;
Gerolymos Internationaler Autohandel e. K., Maria;;;;70191;Automobile ;;
Gerolymos, Angelos;;;;70191;Automobile ;;
Gerst, Dipl.-Ing. (FH) Sigrun;;;;70197;Architekturb�ros ;;
Geschwandtner, Lutz;;;;70193;Rechtsanw�lte ;;
Gesell Handelshaus f. Immobilienfonds Versicherungen e. Kfm., Heinz R.;;;;70192;Immobilien ;;
Gesellschaft f�r zeitgem��e Hausarbeit mbH;;;;70199;Softwareentwicklung ;;
Gesellschaft zur F�rderung des MTV Stuttgart mbH;;http://www.m+v-stuttgart.de;;70193;Werbung ;error;error
Gessler, Dipl.-Ing. Klaus;;;;70192;Architekturb�ros ;;
GGT Ges. f�r Gesundheits- und Versorungstechnik GmbH;;;;70191;Elektro-Haus- und K�chenger�te ;;
GI Geb�ude- und Immobilienservice GmbH;;;;70193;Bau- u. Siedlungsgesellschaften, Baubetreuungs- u. Wohnungsuntern., Baugenossenschaften ;;
Gipser Lipp GmbH;;;;70195;Stuck, Putz, Rabitz ;;
Glaser, Dipl.-Ing. Laszlo;;;;70192;Architekturb�ros ;;
Glaser, Dipl.-Ing. Laszlo u. Glaser, Maria;;;;70192;Architekturb�ros ;;
Globus Treuhand GmbH Steuerberatungsgesellschaft;;;;70191;Steuerberatung ;;
GMS-Guth Media Services GmbH;;;;70195;Werbung ;;
Gneiding, Paul;;;;70193;Elektro-Haus- und K�chenger�te ;;
Godenrath Preiswerk BDDP Werbeagentur GmbH;;;info@gpp-werbeagentur.de;70191;Werbeagenturen ;;
G�tz, Dipl.-Ing. Reiner;;;;70197;Architekturb�ros ;;
G�tz, Oscar;;;;70190;Bekleidungszubeh�r ;;
G�tzelmann und Partner GmbH, Dr.-Ing. W.;;;;70191;Ingenieurb�ros f�r Wasserwirtschaft ;;
Gombold, Dipl.-Ing. (FH) Albert;;;;70190;Architekturb�ros ;;
GPW Werbeagentur GmbH;;;gpw-wa@t-online.de;70192;Werbeagenturen ;;
Gr�ber Bau- und Betreuungs GmbH;;;;70192;Immobilien ;;
Graf Moltke Inh. Ursula Ohlert GmbH, Restaurant;;;;70193;Gastst�tten ;;
Gralka, Dr. jur. Peer;;;;70191;Rechtsanw�lte ;;
Graner, Jeandr�e & Kollegen;;http://www.kanzlei-graner.de;info@kanzlei-graner.de;70195;Rechtsanw�lte ;wahrscheinlich nicht;wahrscheinlich nicht
Graner, Reiner;;;;70195;Rechtsanw�lte ;;
Grass Partnerschaft Steuerberatungsgesellschaft Rechtsanw�ltin;;;;70192;Steuerberatung ;;
Graumann, Margret;;;;70195;Rechtsanw�lte ;;
Greenergy Conti Deutschland GmbH;;;;70197;Brennstoffe ;;
Greiner Gastronomiebetriebe GmbH, P.;;;;70197;Gastst�tten ;;
Greiner GmbH, Dr.;;;;70192;Immobilien ;;
Greiner, Dipl.-Ing. Emil;;;;70195;Architekturb�ros ;;
Greiner, Dr. med.  Andrea;;;;70192;�rzte/ Innere Medizin Allgemein ;;
Greving, Dr. med. Jan;;;;70199;�rzte/ Hals-, Nasen- und Ohrenheilkunde ;;
Grieser, C.;;;;70193;Architekturb�ros ;;
Grigorincu, Dr. med. Bogdan;;;;70195;�rzte/ Allgemeinmedizin u. praktische �rzte ;;
Gro�hans, Dr. med. S.;;http://www.praxis-grosshans.de;;70193;�rzte/ Akupunktur �rzte/ Allgemeinmedizin u. praktische �rzte �rzte/ Hom�opathie ;wahrscheinlich nicht;wahrscheinlich nicht
Gr�nemay & Abt KG;;;;70190;B�robedarf und -einrichtungen ;;
Gr�ninger Baugesch�ft, Walter;;;;70191;Hochbau ;;
Grund & Wert Grundst�cksverw. GmbH;;;Kontakt@Grund-Wert.de;70197;Immobilien ;;
G�bin Koreanisches Spezialit�ten-Restaurant GmbH;;;;70197;Hotels, Gasth�user und Pensionen ;;
G�nzler, Dipl.-Ing. Paul;;;;70193;Architekturb�ros ;;
Gumbmann e. K. Inh. Wolfgang Rauchbach, Wilhelm;;;;70197;Chemische Erzeugnisse ;;
GUT GmbH;;;;70191;Abluftreinigungsanlagen ;;
Gutknecht GmbH, R.;;;;70195;Dachdeckereien ;;
GV Grundst�cksverwaltungsges. mbH & Co. KG;;;;70192;Immobilien ;;
GVB & B Geb�ude Vorbeugender Brandschutz u. Bewertung GmbH;;;;70197;Chemischtechnische Produkte ;;
GZ-Trust Consult GmbH;;;;70191;Anlageberatung ;;
GZB Service GmbH;;;;70191;Softwareentwicklung ;;
GZB Service GmbH Gesellschaft f�r elektronische Kommunikationssysteme;;;;70191;Softwareentwicklung ;;
Haack, Dr. med. Dieter;;;;70199;;;
Haack, Dr. med. Dieter u. M�hlh�user, Dr. med. Heinz u. Schier, Hanno;;http://www.chirurgie-marienpark-stuttgart.de;info@chirurgie-marienpark-stuttgart.de;70199;�rzte/ Chiropraktiker �rzte/ Chirurgie �rzte/ Phlebologie �rzte/ Sportmedizin ;error;error
Haag Kraftfahrzeug KG;;;;70195;Bau- u. Siedlungsgesellschaften, Baubetreuungs- u. Wohnungsuntern., Baugenossenschaften ;;
Haager Haustechnik Service GmbH;;;;70190;Reparaturservice ;;
Haarhaus Stuttgart KG;;;;70190;Per�cken und Haarteile ;;
Haas, Thomas;;;;70199;Rechtsanw�lte ;;
Haberger und Partner GmbH, Gert-Uwe;;http://www.haberger-partner.de;haberger.gmbh@t-online.de;70197;Unternehmensberatung ;error;error
H�bich, August;;;;70195;Druckereien ;;
H�ring, H.;;;;70190;Sanit�rer Installationsbedarf ;;
Haffner, Dr. Fritz;;;;70191;Rechtsanw�lte ;;
Hahn Atlanta GmbH;;;;70195;Immobilien ;;
Hahn GmbH, B�rbel;;;;70190;Automobile ;;
Hahn GmbH, Dieter;;;;70197;Musikinstrumente ;;
Haidle & Maier;;;;70191;Pharmazeutika ;;
Haisch, Gerhard;;;;70193;Architekturb�ros ;;
Haiser Bauunternehmung KG, Gebr�der;;;;70193;Stra�en- und Tiefbau ;;
Hakimi,  Dr. med. Rainer u. Hakimi,  Dr. med. Regina;;;;70199;�rzte/ Psychotherapie ;;
Ham Bedachungen GmbH;;;;70197;Dachdeckereien ;;
Hambach GmbH;;http://www.hambach-stuttgart.de;Info@Hambach-Stuttgart.de;70190;Einbaum�bel Ladeneinrichtungen Saunabau Vitrinen ;error;error
Handwerkskammer Region Stuttgart;;http://www.hwk-stuttgart.de/;ubaer@hwk-stuttgart.de;70191;Handwerkskammern ;wahrscheinlich nicht;wahrscheinlich nicht
Hartig, Dr. med. G�nter;;;;70195;�rzte/ Allgemeinmedizin u. praktische �rzte ;;
Hartmann � Gallus � Metzger;;;;70195;Rechtsanw�lte ;;
Hatami-Fardi, Mohamad Taghi;;;;70191;Antiquit�ten ;;
Haug, Regine;;;;70195;Rechtsanw�lte ;;
Haus und Wohnbau GmbH;;;;70192;Immobilien ;;
Haustein Schmidt-Stevenoot & Koll. GmbH Haus- und Grundbesitz;;;;70192;Immobilien ;;
Haustein Schmidt-Stevenoot u. Koll. GmbH;;;;70192;Immobilien ;;
Hausverwaltungs-Treuhand Edeltraud Jost Vermittlungen;;;;70197;Bau- u. Siedlungsgesellschaften, Baubetreuungs- u. Wohnungsuntern., Baugenossenschaften ;;
Haver & Mail�nder;;http://www.haver-mailaender.de;info@haver-mailaender.de;70192;Rechtsanw�lte ;wahrscheinlich nicht;wahrscheinlich nicht
HB Brot und Feinbackwaren GmbH;;;;70195;Brot und Backwaren ;;
HDG mbH;;;;70190;Dienstleistungen Dienstleistungsbetriebe ;;
Hecker, Niels;;;;70193;Rechtsanw�lte ;;
Heder, Fritz;;;;70192;W�sche ;;
Hegelmaier, Dr. med. Ulrike u. Muff, Dr. med. Hans-Georg;;;;70192;�rzte/ Frauenheilkunde und Geburtshilfe ;;
Heider, Dr. med. Hans-Albrecht;;;;70192;�rzte/ Allgemeinmedizin u. praktische �rzte ;;
Heilmann Inh. Michael Simon e. K., Rudolf;;;;70191;Schlossereien ;;
Heim, Florian u. Blaschke, Anna;;;;70197;Architekturb�ros ;;
Heine, Dipl.-Ing. Rolf;;;;70191;Architekturb�ros ;;
Heine, G�nter;;;;70193;Architekturb�ros ;;
Heinle Wischer Gesellschaft f�r Generalplanung mbH;;http://www.heinlewischerpartner.de;generalplanung@heinliewischerpartner.de;70192;Unternehmensberatung ;wahrscheinlich;
Heinle Wischer Gesellschaft f�r Generalplanung mbH;;http://www.heinlewischerpartner.de;stuttgart@heinlewischerpartner.de;70192;Architekturb�ros ;wahrscheinlich;
Heinle, Wischer und Partner;;http://www.heinlewischerpartner.de;stuttgart@heinlewischerpartner.de;70192;Architekturb�ros ;wahrscheinlich;
Heinle, Wischer und Partner;;http://www.heinlewischerpartner.de;stuttgart@heinlewischerpartner.de;70190;Architekturb�ros ;wahrscheinlich;
Heinle, Wischer und Partner;;;;70190;Architekturb�ros ;;
Heinze & Malzacher GmbH;;;heinze.malzacher@t-online.de;70199;Messen, Ausstellungen und Kongresse ;;
Heinzmann, Hans-Peter;;;;70193;Rechtsanw�lte ;;
Heisch oHG;;;;70191;S��waren ;;
Heizraum Werbeagentur GmbH;;;;70199;Werbeagenturen ;;
Helwig, Dr. med. Axel;;;;70190;�rzte/ Radiologie ;;
Henn, Lothar;;;;70190;Rechtsanw�lte ;;
Henssler, Fritz u. Henssler, Helga;;;;70199;Rechtsanw�lte ;;
Herrmann + Bosch;;;;70190;Architekturb�ros ;;
Herrmann, Dr. Dr.;;http://www.klinik-herrmann.de;info@klinik-herrmann.de;70195;�rzte/ Mund-, Kiefer- und Gesichtschirurgie �rzte/ Plastische Chirurgie ;wahrscheinlich nicht;wahrscheinlich nicht
Heubeck, Dipl.-Ing. Hans;;;;70199;Architekturb�ros Sachverst�ndige f�r Geb�udesch�den ;;
Heure Com GmbH;;;;70199;B�rotechnik ;;
HEV Haus und Eigentums Verwaltung Stuttgart GmbH;;;;70197;Immobilien ;;
Hey, Dr. med. W.;;http://www.oksb.de;info@oksb.de;70195;�rzte/ Ambulante Operationen �rzte/ Orthop�die �rzte/ Sportmedizin ;wahrscheinlich;
Heyne B�romarkt GmbH;;;;70197;B�robedarf und -einrichtungen ;;
Hezel, Dipl.-Ing. Dieter;;;;70192;Architekturb�ros ;;
Hicker, Dr. Hermann;;;;70192;Rechtsanw�lte ;;
Hieber, J�rg;;;;70190;Architekturb�ros ;;
Highlights Communication GmbH;;;;70197;Public Relations ;;
Hill, Dr. jur. & Kollegen;;;;70199;Rechtsanw�lte ;;
Hill, Dr. Norbert;;;;70199;Rechtsanw�lte ;;
Hillscher Elektrogro�handlung e. K., Carl;;;;70199;Elektrotechnische Apparate, Bestandteile und Artikel ;;
Hintz e. K., Christian;;;;70193;Finanzierungen ;;
Hinz Bedachungen GmbH;;;;70199;Dachdeckereien ;;
Hirzel Verlag GmbH & Co., S.;;;;70191;Verlage ;;
Hit That Perfect Beat Music GmbH;;;;70199;Datenverarbeitung/ Beratung/Verkauf Hardware/Software ;;
Hoa Le Finanztransfer GmbH;;;hoale@t-online.de;70197;Finanzierungen ;;
H�hn, Hanspeter;;;;70197;Architekturb�ros ;;
H�ring, Dr. Christa-Maria;;;;70193;�rzte/ Haut- und Geschlechtskrankheiten ;;
Hoerttrich & Prassler;;;;70197;Steine, Naturwerksteine ;;
Hofbr�u-6-Tage Rennveranstaltungs GmbH;;;;70199;Messen, Ausstellungen und Kongresse ;;
Hoffmann GmbH, Julius;;;;70190;Fachzeitschriften ;;
Hofmann Architekten und Planer;;;;70197;Architekturb�ros ;;
Hofmeister, Dr. med.  Silke;;;;70197;�rzte/ Allgemeinmedizin u. praktische �rzte ;;
Hofstetter GmbH;;;;70195;Isolierungen gegen W�rme, K�lte und Schall ;;
Hohenlohe-Jagstberg & Banghard GmbH, Prinz zu;;;;70192;Banken, Sparkassen und sonstige Kreditinstitute ;;
Hohn und Partner GmbH;;;hohn-partner@kk.net;70197;Ingenieurb�ros ;;
Hohnhausen Kommunikation GmbH & Co. KG;;;info@hohnhausen.de;70190;Werbung ;;
Hollenbach GmbH;;;;70192;Dienstleistungen Dienstleistungsbetriebe ;;
Holzplatten Verkaufs GmbH;;;info@HPV-Stuttgart.de;70193;Holz ;;
Holzplattenverkaufs GmbH;;;;70193;Holz ;;
Hooper, Keller und Kollegen;;;;70197;Rechtsanw�lte ;;
Hotel am Friedensplatz;;;;70190;Hotels, Gasth�user und Pensionen ;;
Hotel Hirsch;;;;70195;Hotels, Gasth�user und Pensionen ;;
Hotel Killesberg;;;;70192;Hotels, Gasth�user und Pensionen ;;
Hotel Lamm;;;;70190;Hotels, Gasth�user und Pensionen ;;
Hotel Mack garni Inh. Marianne Lehr;;;;70191;Hotels, Gasth�user und Pensionen ;;
Hotel M�nchner Hof;;;;70190;Hotels, Gasth�user und Pensionen ;;
Hotel Pflieger;;;;70191;Hotels, Gasth�user und Pensionen ;;
Hotel Rotenwald;;;;70197;Hotels, Gasth�user und Pensionen ;;
Hotel-Restaurant Ruff;;;;70191;Hotels, Gasth�user und Pensionen ;;
Housesession GmbH;;;;70199;Musikverlage ;;
HPK Planung GmbH;;;;70192;Architektur- und Ingenieurb�ros ;;
HPP-Laage + Partner Planungsgesellschaft mbH;;;;70199;Architekturb�ros ;;
HSCH Haenisch Schlo� und City Hotel GmbH;;;;70197;Hotels, Gasth�user und Pensionen ;;
H�bl GmbH;;;;70197;Abschleppdienste ;;
H�bl GmbH & Co. KG, Hugo;;;;70199;KFZ-Werkstatt ;;
H�bner, Peter;;;;70197;Architekturb�ros ;;
H�rttle GmbH, Hermann u. Rudolf;;;;70193;Malerbetriebe ;;
Hummel, Dipl.-Ing. Joachim;;;;70197;Architekturb�ros ;;
Hummels Nachf. Werner Volland Eisenwaren, Ernst;;;;70190;Lebensmittelindustrie ;;
HWP Planungsgesellschaft mbH;;http://www.hwp-planung.de;hwp@hwp-planung.de;70190;Architekturb�ros ;wahrscheinlich nicht;wahrscheinlich nicht
HWP Planungsgesellschaft mbH Betriebsplanung Bauplanung Projektsteuerung;;http://www.hwp-planung.de;HWP@HWP-Planung.de;70190;Unternehmensberatung ;wahrscheinlich nicht;wahrscheinlich nicht
I-D B�ro GmbH;;;;70197;Werbeagenturen ;;
I. V.-Bau-GmbH;;;;70193;Bauunternehmen ;;
Ibis Hotel am L�wentor;;;;70191;Hotels, Gasth�user und Pensionen ;;
ICR Consult GmbH;;;;70197;B�rotechnik ;;
IGA Ingenieurgesellschaft Abfall mbH;;;iga-s@t-online.de;70195;Ingenieurb�ros ;;
IHS Immobilien Handels und Service GmbH;;;unger.expert@z.zgs.de;70193;Immobilien ;;
IHZ Zeitarbeit GmbH;;;;70193;Zeitarbeit ;;
Ikon AG;;;;70199;Beschl�ge ;;
Ilg GmbH, Richard;;;;70190;Softwareentwicklung ;;
Illig, W. u. Braun, Dr. T. D. u. Kirschnek, Dr. O.;;;;70191;Rechtsanw�lte ;;
Immo Burgstahler Projekte GmbH;;;;70197;Immobilien ;;
Inbec GmbH;;;;70195;Bautr�gergesellschaften ;;
Indoculture Tours Indiculture Reisedienst GmbH;;;;70197;Reiseveranstalter ;;
Industria M. Oberl�nder Ingenieurges. mbH & Co.;;;info@industria.de;70197;Handelsvertretungen ;;
Ingenieurb�ro Bolay oHG Inh. H�ussermann & Sauter;;;;70192;Ingenieurb�ros ;;
Ingenieure einundzwanzig Ges. f�r Gereralplanung mbH;;;;70192;Architektur- und Ingenieurb�ros ;;
Ingenieurgemeinschaft Bauen Dietrich & Netzel GmbH;;;;70199;Ingenieurb�ros ;;
Inova H�usliche Pflege Stuttgart-S�d GmbH;;;;70199;Kranken- und Altenpflege ;;
Inova Webl�sungen GmbH;;;;70199;Datenverarbeitung ;;
Instinctools GmbH;;;;70193;Softwareentwicklung ;;
Integrierter Montagebau R. Schneider GmbH;;;;70199;Bauelemente ;;
Interface Solutions GmbH;;;;70199;B�rotechnik ;;
Internationale Gartenbauausstellung 1993 GmbH;;;;70192;Messen, Ausstellungen und Kongresse ;;
Interplan Geb�udetechnik GmbH;;;;70191;Ingenieurb�ros ;;
Interseroh S�ddeutsche Rohprodukten GmbH;;;;70191;Schrott ;;
Inventronik GmbH;;;;70199;Softwareentwicklung ;;
IPB Pralle und H�benbecker;;;;70197;Architekturb�ros ;;
ippolito fleitz group;;;;70197;Architekturb�ros ;;
Isco-Textilwerk Gebr�der Ammann GmbH & Co.;;;;70190;Strick- und Wirkwaren ;;
ISPA Istitut f�r strategische Personalf�hrung Arbeitszeitgestalt. Prof.Dr. Ackermann GmbH;;;;70197;Aus- und Weiterbildung ;;
I�ler, Dr. med. Edith;;;;70197;�rzte/ Allgemeinmedizin u. praktische �rzte ;;
IT Vision Technology GmbH;;;;70199;Datenverarbeitung ;;
Jaguar House Motor- Handels-GmbH;;;;70190;Automobile ;;
Jansen, Jens;;;;70193;Architekturb�ros ;;
Jazz-Podium Verlags- GmbH;;;;70197;Verlage ;;
Jeandr�e, Gerhard;;;Die_Anwaelte@t-online.de;70195;Rechtsanw�lte Rechtsanw�lte, Fachanw�lte f�r Arbeitsrecht ;;
Jeftic GmbH, Milan;;;;70193;Sanit�re Installationen, Klempnereien ;;
Jeske, Dipl.-Ing. Hans W.;;;;70190;Architekturb�ros ;;
JKS Karle Entsorgung und Recycling GmbH;;;;70191;Recycling ;;
Jocher, Dr. med. Thomas;;;;70190;�rzte/ Innere Medizin Allgemein ;;
Jonas, Dr. Arnfried;;;;70193;�rzte/ Innere Medizin Allgemein ;;
Josifek Abschleppdienst GmbH, Martha;;;;70197;KFZ-Werkstatt ;;
JP Promotions und Event-Marketer GmbH;;;;70199;Werbung ;;
J�ttner Uhl & Co. GmbH;;;;70191;Werkzeuge ;;
Jung Textilvertretungen GmbH;;;;70195;Bekleidung ;;
Jurkovic Trockenbau & Akustik GmbH;;;;70193;Isolierungen gegen W�rme, K�lte und Schall ;;
JVM am Neckar Werbeagentur GmbH;;;info@jaeger-waibel.de;70199;Werbeagenturen ;;
K&S-Systemhaus GmbH;;;ks-systemhaus@t-online.de;70192;Softwareentwicklung ;;
K. M. Hardwork GmbH;;;;70199;Ingenieurb�ros ;;
Kaag + Schwarz;;;;70197;Architekturb�ros ;;
K�ser, Gabriele;;;;70191;Rechtsanw�lte ;;
K�stner, Alexander;;;;70195;Dienstleistungen Dienstleistungsbetriebe ;;
K�tzel, Erhard;;;;70197;B�rotechnik ;;
Kaleidoskop Marketing-Service GmbH;;;;70192;Marketing ;;
Kaleidoskop Veranstaltungs-Service GmbH;;;;70192;Dienstleistungsbetriebe ;;
Kallert Bau GmbH;;;;70199;Bauunternehmen ;;
Kaltenbrunner & M�ller Steuerberatungsges. mbH;;;;70195;Steuerberatung ;;
Kamin-Roth, Dr. Bettina;;;;70192;�rzte/ Augenheilkunde ;;
Kammerer, Dipl.-Ing. Ralf;;;;70190;Architekturb�ros ;;
Kanz Auto-Teile GmbH;;;kanz@kanz-auto.de;70191;Autoteile und -zubeh�r ;;
Kasper, Knacke, Wintterlin & Partner;;http://www.kkwp.de;kanzlei@kkwp.de;70190;Notare Rechtsanw�lte ;wahrscheinlich nicht;wahrscheinlich nicht
KC Ges. f�r die Vermittlung von Vertr�gen f�r Verm�gensanlagen mbH;;;;70199;Banken, Sparkassen und sonstige Kreditinstitute ;;
Keck u. Loch;;;;70195;Architekturb�ros ;;
Keck, Dipl.-Ing. Steffen;;;;70195;Architekturb�ros ;;
Keim Com GmbH, Chris;;;;70197;Maschinen ;;
Keller GmbH, Frank F.;;;;70193;Werbeagenturen ;;
Keller, Dipl.-Ing. Thomas;;;;70192;Architekturb�ros ;;
Kellich GmbH;;;;70192;Mineral�le ;;
Kemmner & Collegen;;;;70192;Rechtsanw�lte ;;
Kerner-Apotheke;;;;70190;Apotheken ;;
Kettlitz, Dr. med. Ulrich;;;;70199;�rzte/ Allgemeinmedizin u. praktische �rzte ;;
Kickler, Dipl.-Ing. Thomas;;http://www.kiplus.de;kickler@kiplus.de;70197;Architekturb�ros ;wahrscheinlich nicht;wahrscheinlich nicht
Kiefner, Petra u. Braun, J�rgen;;;;70193;Architekturb�ros ;;
Kiemle, Dr. Ing. Manfred;;;;70192;Architekturb�ros ;;
Kienle und Sohn GmbH & Co. KG, E.;;;;70197;B�nder und Gurte ;;
Kie�, Prof. Dr.-Ing. Walter;;;;70192;Architekturb�ros ;;
Kilian, Prof. Dipl.-Ing. Hans-Ulrich u. Kilian, B�rbel;;;;70195;Architekturb�ros ;;
Kimmerle Bau- und Fliesenfachgesch�ft GmbH, Otto;;;;70195;Hochbau ;;
Kircher GmbH;;;;70190;Fotografische Apparate und Artikel ;;
Kirn, Dr. med.  Ilse;;;;70192;�rzte/ Allgemeinmedizin u. praktische �rzte ;;
Kirschner, Ines;;;;70192;;;
Kittchen Joy K�chenger�te Vertrieb GmbH;;;;70199;Elektrofachhandel Elektrohandel ;;
kks Architekten;;;;70192;Architekturb�ros ;;
Klamert Ingenieurb�ro GmbH, Heinz;;;;70199;Ingenieurb�ros ;;
Klauss, Dipl.-Ing. Ulrich;;;;70191;Architekturb�ros ;;
Klee, J�rgen;;;;70197;Architekturb�ros ;;
Klemm u. Wolfgramm;;;;70190;Rechtsanw�lte ;;
Klenk, Dipl.-Ing. Fritz;;;;70192;Architekturb�ros ;;
Klingele Unterst�tzungskasse GmbH, Elisabeth;;;;70193;Dienstleistungsbetriebe ;;
Klingelh�fer;;;;70190;Architekturb�ros ;;
Klinik Dr. Dr. Herrmann;;http://www.klinik-herrmann.de;;70195;Krankenh�user und Kliniken ;wahrscheinlich nicht;wahrscheinlich nicht
Klinik Dr. Mauch � Dr. Stihler GmbH;;http://www.orthopaedie-stuttgart.de;info@orthopaedie-stuttgart.de;70190;�rzte/ Ambulante Operationen �rzte/ Orthop�die �rzte/ Sportmedizin ;wahrscheinlich nicht;wahrscheinlich nicht
Klink, Prof. Dipl.-Ing. Claus-Peter;;;;70191;Architekturb�ros ;;
Kl�ckner, Dipl.-Ing. H. P. u. Siebeck, Dipl.-Ing. M.;;;;70192;Architekturb�ros ;;
Kl�ckner, Dipl.-Ing. Heiner P.;;;;70191;Architekturb�ros ;;
Kl�nder, Dr. Wolfgang u. Braun, Stefan u. Nann, Volker;;;;70199;Rechtsanw�lte ;;
Klump, Dr. med. Regine;;;;70197;�rzte/ Frauenheilkunde und Geburtshilfe ;;
Knaus, Hans H.;;;;70195;Architekturb�ros ;;
Kn�ller GmbH & Co. KG, Gebr.;;;;70190;Druckereien ;;
Knof, Dr. med. Irmhild;;http://www.dr-knof.de;;70193;�rzte/ Akupunktur �rzte/ Frauenheilkunde und Geburtshilfe �rzte/ Hom�opathie ;wahrscheinlich nicht;wahrscheinlich nicht
Knopf GmbH;;http://www.umziehen.com;arnholdt-moebelspedition@t-online.de;70191;Umz�ge ;wahrscheinlich nicht;wahrscheinlich nicht
Knott, Dr. med. Maria;;;;70195;�rzte/ Psychiatrie und Psychotherapie ;;
Koch GmbH, Hermann;;;;70197;Mess- und Pr�ftechnik Temperaturregler und -schalter ;;
K�hler;;;;70190;Hotels, Gasth�user und Pensionen ;;
K�nig Glaserei und Fensterbau GmbH, Siegfried;;;;70193;Glasereien ;;
K�nig, Dr. jur. Rainer;;;;70195;Rechtsanw�lte Steuerberatung Wirtschaftspr�fer ;;
K�pl� - Architektur, Grafik, Design;;;;70199;Architekturb�ros ;;
K�rber Elektrotechnik GmbH;;;;70195;Elektroinstallationen ;;
K�sebalaban & Co. oHG;;;;70197;Buchbindereien ;;
K�stlin Offset-Repro GmbH & Co.;;;;70197;Satzherstellung und Reproduktion ;;
K�tter GmbH & Co. KG;;http://www.koetter.de;info@koetter.de;70197;Wach- und Sicherheitsunternehmen ;wahrscheinlich;
Kohler;;;;70190;Architekturb�ros ;;
Kohler Grundst�cks-GmbH;;;;70193;Immobilien ;;
Kohler, Dr. Kurt;;;;70193;Rechtsanw�lte ;;
Kohlhoff Architekten;;;;70199;Architekturb�ros ;;
Kohn, Dipl.-Ing. Michael;;;;70193;Architekturb�ros ;;
Kolb + Kolb;;;;70191;Architekturb�ros ;;
Kolbe, Dr. med. J.;;;;70195;�rzte/ Ambulante Operationen �rzte/ Orthop�die ;;
Komes GmbH, Fr.;;;;70197;Malerbetriebe ;;
Konzept-Art Werbeagentur Inhaberin Elke Bitter e. K.;;;;70195;Werbeagenturen ;;
Kopf GmbH;;;;70197;Bautischlereien, Bauschreinereien ;;
Kopp Holtmann & Partner GmbH;;;;70197;Reiseb�ros, Touristik ;;
Koschwitz und Partner;;;;70193;Architekturb�ros ;;
Koska GmbH, Axel;;;;70193;Zahntechnische Laboratorien ;;
Kr�chan Augenoptik Inh. Blasius Holzberger e.K.;;;;70195;Augenoptiker und optische Fachgesch�fte ;;
Kr�mer Elektro Installation, Elektro-;;;;70197;Elektroinstallationen ;;
Kr�mer, Bernd E.;;;;70199;Architekturb�ros ;;
Kr�nzlein, Joachim;;;;70199;Rechtsanw�lte ;;
Kraft, Dipl.-Ing. Peter;;;;70190;Architekturb�ros ;;
Kraft, G�nter;;;;70195;Spirituosen und Weine ;;
Kraiss & Friz Autogenwerk-Sauerstoffwerk;;;;70190;Sauerstoff ;;
Kraiss & Friz KG;;;gasekf@aol.com;70190;Sauerstoff ;;
Kraus GmbH;;;;70193;Malerbetriebe ;;
Krause GmbH, Alfred;;;;70190;Sanit�re Installationen, Klempnereien ;;
Krause GmbH, R.;;;krause-druck@t-online.de;70190;Druckereien ;;
Krause, Thomas M.;;;;70190;Rechtsanw�lte ;;
Krause, Werner;;;;70195;Architekturb�ros ;;
Kretzschmar Malermeister GmbH & Co. KG, G�nter;;;;70193;Malerbetriebe ;;
Kronen-Apotheke;;;;70192;Apotheken ;;
Kr�gele, Walter;;;;70191;Gartenbaubetriebe ;;
K�rmann, Dr. Hans-Ulrich;;;;70193;�rzte/ Psychiatrie und Psychotherapie ;;
Kugler, Cassel, Erbas;;;;70190;Rechtsanw�lte ;;
Kuhn Carl und Norden Rechtsanw�lte;;;kuhn-carl-norden@lawkcn,de;70192;Rechtsanw�lte ;;
Kuhn � Carl � Norden;;http://www.kuhn-carl-norden.de;kuhn.carl.norden@lawkcn.de;70192;Rechtsanw�lte ;error;error
Kuhn, Dr. med. Thomas u. Beldermann, Dr. med. Frank;;;;70190;�rzte/ Frauenheilkunde und Geburtshilfe �rzte/ Innere Medizin Onkologie ;;
Kuhn, Dr. Ottmar;;;;70192;Rechtsanw�lte ;;
Kukoski GmbH;;;;70199;Dienstleistungen Dienstleistungsbetriebe ;;
Kultschytzky, Georg;;;;70192;Stoffe und Tuche ;;
Kumpf, Roland;;;;70190;Rechtsanw�lte ;;
Kunz Bestattungsunternehmen GmbH, C. u. M.;;;uki-s@t-online.de;70190;Bestattungsinstitute Bestattungswesen ;;
Kurdum, Dr. med. Birgit;;;;70197;�rzte/ Frauenheilkunde und Geburtshilfe ;;
Kurth, Andreas;;;;70199;Rechtsanw�lte ;;
L. Hannemann e. K., Hans;;;;70190;Fahrr�der/ Handel ;;
LAB F AC Labor f�r Architektur Axel Dorner;;;;70191;Architekturb�ros ;;
LACTOVIT Nahrungsmittel GmbH;;;;70191;Lebensmittel, tiefgek�hlte ;;
Ladage GmbH, Dentaltechnik;;;;70197;Medizinische Apparate und Einrichtungen ;;
L�mmle-Sachsenmaier, Iris u. Sachsenmaier, Hansj�rgen;;;;70195;Rechtsanw�lte ;;
Landes-Bau-Genossenschaft W�rtt. Verkehrs-Beamter und Arbeiter eG;;;;70191;Bau- u. Siedlungsgesellschaften, Baubetreuungs- u. Wohnungsuntern., Baugenossenschaften ;;
Landes-Bau-Genossenschaft W�rttemberg eG;;;;70191;Bau- u. Siedlungsgesellschaften, Baubetreuungs- u. Wohnungsuntern., Baugenossenschaften ;;
Landesapothekerkammer Baden-W�rttemberg;;http://www.lak-bw.de;info@apothekerkammer-bw.de;70190;Kammern und Innungen ;wahrscheinlich;
Lang Inh. Franz Weik, Wilhelm;;;;70190;Orthop�dische Apparate und Artikel ;;
Lang, Thomas u. Lang, Dr. Andrea;;;;70192;Notare Rechtsanw�lte ;;
Lange & Co. oHG, Paul;;;info@paul-lange.de;70191;Autoteile und -zubeh�r ;;
Lange Dentallabor GmbH, Daniel;;;;70190;Zahntechnische Laboratorien ;;
Lange, Britta;;;;70195;Rechtsanw�lte ;;
Lanz, Johanna;;;;70192;Modeh�user ;;
Lanziner, Dipl.-Ing. Kai;;http://www.architekturboudoir.de;Lanziner@Architekturboudoir.de;70197;Architekturb�ros ;wahrscheinlich nicht;wahrscheinlich nicht
Lauster KG, Paul;;;;70190;Eisen und Stahl ;;
Lautenschlager, Dr. med. U.;;http://www.chirurgie-marienpark-stuttgart.de;info@chirurgie-marienpark-stuttgart.de;70199;�rzte/ Chirurgie �rzte/ Phlebologie �rzte/ Sportmedizin ;error;error
Lega Plan GmbH;;;;70190;Ingenieurb�ros f�r Elektronik/Elektrotechnik ;;
Lehmann GmbH, Robert;;;;70190;Freizeit- und Erlebnisparks ;;
Lehmann, Rolf;;;;70195;Garten- und Landschaftsbau ;;
Lehnis, Ulrike;;;;70191;Rechtsanw�lte ;;
Lehr, Simone;;;;70190;Rechtsanw�lte ;;
Lehre GmbH, Erwin;;;;70190;Sanit�re Installationen, Klempnereien ;;
Leipner & Susenbeth GmbH;;;;70193;Immobilien ;;
Leistner & Schreyegg GmbH;;;leistnerundschreyegg@t-online.de;70192;Ingenieurb�ros ;;
Lembach, Marcus;;;;70191;Architekturb�ros ;;
Lenz GmbH, Peter;;;;70195;Dachdeckereien ;;
Leonhardt Andr� & Partner Beratende Ingenieure VBI GmbH;;;;70192;Ingenieurb�ros f�r den Bausektor ;;
Leuze, Dr. jur. Ruth;;;;70191;Rechtsanw�lte ;;
LHS Autoland GmbH;;;;70190;Automobile ;;
LHS Leasing- und Handelsgesellschaft Deutschland mbH;;;;70190;Autovermietung ;;
Liebig e. Kfm. Inh. Hans-Werner Hechinger;;;;70197;Farben und Lacke ;;
Liganova Werbung GmbH;;;;70192;Werbung ;;
Linckh, Dr. med. Angelika;;;;70199;�rzte/ Frauenheilkunde und Geburtshilfe ;;
Lindenberger GmbH, Hugo und Max;;;;70191;Steinmetzbetriebe ;;
Littvay Haus- und Grundbesitz GmbH;;;;70192;Immobilien ;;
Liveclub Medien-Vertrieb GmbH;;;;70191;Verlage ;;
Living House GmbH;;;;70197;Ingenieurb�ros Innenausbau ;;
LMC GmbH;;;;70192;Messen, Ausstellungen und Kongresse ;;
Lo Bue & Busch Gastronomie GmbH;;;;70190;Gastst�tten ;;
Locher e.K., Dipl.-Ing Wolfgang;;;;70199;Ingenieurb�ros ;;
Loeckle, Dipl.-Ing. Ulrike;;;;70195;Architekturb�ros ;;
L�ffler, Dr. jur. Reinhard;;;;70195;Rechtsanw�lte ;;
L�ffler, Heiner;;;;70191;Architekturb�ros ;;
L�pthien, Walter;;;;70190;Fachzeitschriften ;;
Loges Architekten;;;;70199;Architekturb�ros ;;
Lpoint GmbH;;;sob@rechtslink.de;70192;Unternehmensberatung ;;
Lucon Bau GmbH Bauunternehmung;;;;70199;Bauunternehmen ;;
L�bke, E. und Aldag, W.;;;;70190;Rechtsanw�lte ;;
Luippold GmbH;;;;70193;Sanit�re Installationen, Klempnereien ;;
Lutz und Patmos Europe GmbH;;;;70193;Bekleidung ;;
Lutz, Dipl.-Ing. Arnulf;;;;70191;Architekturb�ros ;;
Luz, Matthias;;;;70197;Architekturb�ros ;;
M & P Vertriebsges. mbH;;;;70191;Nahrungsmittel ;;
Mack Getr�nke- und Dienstleistungs GmbH;;;;70193;Getr�nke ;;
Macom Marketing Communikation Werbung GmbH;;;;70192;Werbeagenturen ;;
M�gele, Mario;;;;70192;Architekturb�ros ;;
Mahler, G�nster u. Fuchs;;;;70197;;;
Mahler, G�nster u. Fuchs;;;;70197;Architekturb�ros ;;
Maier & Co. Fine Art Kunsthandlung Thomas Maier & Co. oHG;;;;70197;Kunsthandel ;;
Maier, Helene Maria u. Nagel, Frank;;;;70193;Architekturb�ros ;;
Mailpool Adressen-Management GmbH;;;mp_adressen@t-online.de;70191;Direktmarketing ;;
Mailprint Druck und Verarbeitungsservice GmbH;;;;70197;Dienstleistungen Dienstleistungsbetriebe ;;
Maiwald GmbH;;;;70197;Autolackierereien ;;
Maler R�cker GmbH;;;;70197;Stuck, Putz, Rabitz ;;
Malerwerkst�tte Buban GmbH;;;;70195;Malerbetriebe ;;
Malner, Dr. med. Christoph;;;christoph.malner@dgn.de;70193;�rzte/ Innere Medizin Allgemein ;;
Manderscheid, Christoph;;;;70191;Architekturb�ros ;;
Manocchio Bau GmbH, C.;;;;70193;Bauunternehmen ;;
Manz, Dipl.-Ing. Peter;;;;70199;Architekturb�ros ;;
Marienpark Klinik;;http://www.marienpark.de;inf0@marienpark.de;70199;�rzte/ Chirurgie �rzte/ Phlebologie ;wahrscheinlich nicht;wahrscheinlich nicht
Marienpark-Klinik GmbH;;http://www.marienpark.de;;70199;Krankenh�user und Kliniken ;wahrscheinlich nicht;wahrscheinlich nicht
Marilott;;;;70197;Kinder- und Babybekleidung ;;
Maring, Dipl.-Ing.  Peter-Michael;;;;70193;Architekturb�ros ;;
Marohn Freie Architekten;;;;70197;Architekturb�ros ;;
Marquardt Architekten;;;;70190;Architekturb�ros ;;
Masc GmbH;;;;70199;Markt- und  Meinungsforschung ;;
Maslankowski & Sohn KG, St.;;;;70197;Maschinen f�r Druckereien und Papierverarbeitungsbetriebe ;;
Mast Ingenieurb�ro f�r Elektrotechnik und Elektronik GmbH, Max;;;;70192;Ingenieurb�ros ;;
mattes + eppmann architekten;;;;70193;Architekturb�ros ;;
Maurer-Nardi, Dipl.-Ing. Beate;;;;70192;Architekturb�ros ;;
Mauri, Dr. med. Heinrich;;;;70197;�rzte/ Innere Medizin Allgemein ;;
Mayer Wohnbau GmbH;;;;70199;Immobilien ;;
Mayer, Dr. Hans-Joachim;;;;70190;Rechtsanw�lte ;;
Mayer-Eichberger, Dr. med. Dieter-Bernd;;http://www.kinderwunschpraxis.;info@kinderwunschpraxis.de;70194;�rzte/ Frauenheilkunde und Geburtshilfe ;error;error
MB Art M. Breitling GmbH;;;;70191;Damenoberbekleidung ;;
MB Molkereibedarf B�roservice GmbH;;;;70197;Papier- und Schreibwaren ;;
MB Molkereibedarf B�roservice und Logistik GmbH;;;;70197;Lebensmittelindustrie ;;
MB-Diagnostik GmbH;;;;70193;Pharmazeutika ;;
Media Mutant Filmproduktion GmbH & Co.;;http://www.allstars.mediamutant.de;;70190;Film- und Videofilmproduktion ;error;error
Media Publishing GmbH & Co. KG;;http://www.media-publishing.com;info@media-publishing.com;70199;Verlage ;wahrscheinlich nicht;wahrscheinlich nicht
Medpharm GmbH;;;;70191;Verlage ;;
Megawatt Gesellschaft f�r regenerative Energiesysteme GmbH;;;;70193;Energieversorgung ;;
Meidinger, Ernst;;;;70199;Architekturb�ros ;;
Meinel & Co., Carl;;;;70191;Fahrr�der ;;
Meinshausen, Dr. med. J�rg;;http://www.nierenzentrum-stuttgart.de;nieren-zentrum.stuttgart@dgn.de;70191;�rzte/ Innere Medizin Allgemein �rzte/ Innere Medizin H�matologie �rzte/ Innere Medizin Onkologie ;wahrscheinlich;
Meitinger, Manfred D.;;;;70193;Rechtsanw�lte ;;
Melber GmbH, F.;;;;70190;G�ternahverkehr, G�terfernverkehr ;;
Melber und Trautmann;;;;70193;Architekturb�ros ;;
Mercedes-Benz AG NL. Stuttgart;;;;70191;Automobile ;;
Merker Yshima GmbH;;;contact@merkeryshima.com;70192;Nutzfahrzeuge ;;
Mertens Audio Engineering GmbH;;;;70190;Tonstudios ;;
Mertes, Prof. Dipl.-Ing. Rainer;;;;70195;Architekturb�ros ;;
Merz Akademie Stuttgart Hochschule f�r Gestaltung staatl. anerk. Fachhochsch. gem. GmbH;;;;70190;Bildungszentren ;;
Merzig, Dr. med.  Marius;;;;70190;�rzte/ Akupunktur �rzte/ Allgemeinmedizin u. praktische �rzte �rzte/ Naturheilverfahren ;;
Mesa Ges. f�r Projekt- und Stadtentwicklung mbH;;;;70192;Architektur- und Ingenieurb�ros ;;
Messerschmidt, Wilhelm;;;;70193;Buchhandlungen ;;
Metall- & Elektrobau VUB Dipl.Ing. R. Stohrer GmbH;;;;70199;Elektroinstallationen ;;
Metzger & Zimmermann GmbH;;;;70197;B�robedarf und -einrichtungen ;;
Metzgerei B. M�ller GmbH;;;metzgerei-b.mueller_gmbh@t-online.de;70190;Fleischverarbeitung ;;
Metzler International AG;;;;70199;Brillen ;;
Meyer, G�nter;;;;70193;Architekturb�ros ;;
Meyer-Postelt & Schmidt-Hofmann;;;;70191;Rechtsanw�lte ;;
Mi-Plaza, Dr. med. Pedro;;;;70195;�rzte/ Innere Medizin Allgemein ;;
Michaelsen, Dipl.-Ing. u. Hermet, Dipl.-Ing.;;;;70199;Architekturb�ros ;;
Michels, Dr. med.  Christoph;;;;70190;�rzte/ Hom�opathie �rzte/ Kinderheilkunde ;;
Miller Travel GmbH;;;;70192;Reiseveranstalter ;;
Miller, Dr. Bernd;;;;70195;Pharmazeutika ;;
Millner-Uhlemann, Dr. med. Martina;;http://www.kinderallergologiepraxis-mmu.de;info@kinderallergologiepraxis-mmu.de;70192;�rzte/ Allergologie �rzte/ Kinderheilkunde ;wahrscheinlich nicht;wahrscheinlich nicht
Mobidig GmbH;;;;70190;Autovermietung ;;
Modular - Agentur f�r integrierte Kommunikation oHG;;;;70193;Werbung ;;
M�ck Yachtagentur;;;;70193;Flurf�rderzeuge ;;
M�gel, Helmut;;;;70192;Architekturb�ros ;;
Moltke-Apotheke;;;;70193;Apotheken ;;
Montavar Deutschland GmbH;;;;70199;Maschinenbau ;;
Mood-Records Schallplatten GmbH;;;;70193;Musikverlage ;;
Moor, Dr. medic (IMT) Liliana;;;;70195;�rzte/  Traditionelle chinesische Medizin �rzte/ Akupunktur �rzte/ Hom�opathie �rzte/ Naturheilverfahren �rzte/ Psychotherapie �rzte/ Spezielle Schmerztherapie ;;
Morhard, Dr. med. Carmen;;;;70197;�rzte/  Traditionelle chinesische Medizin �rzte/ Akupunktur �rzte/ Allgemeinmedizin u. praktische �rzte ;;
Mori Project - Wald, Claudia u. Phillips, Marc Gbr;;;;70199;Architekturb�ros ;;
Mosthaf, Dr. jur. H. Dieter;;;;70193;Rechtsanw�lte ;;
Motor-Handels-GmbH;;;;70190;Automobile ;;
Motorrad-Ecke GM-Team GmbH & Co. KG;;;;70191;Fahrr�der ;;
M�hlh�user, Dr. med. Heinz;;http://www.chirurgie-marienpark-stuttgart.de;chirurgie.stuttgart.hls@t-online.de;70199;�rzte/ Chirurgie �rzte/ Phlebologie ;error;error
M�ller & Co.;;;;70197;Wasch- und Reinigungsmittel ;;
M�ller, Dipl.-Ing. Karlheinz;;;;70199;Architekturb�ros ;;
M�ller, Reinhold A.;;;;70193;Verlage ;;
M�ller-Altvatter Bauunternehmung GmbH & Co. KG;;;;70191;Bauunternehmen ;;
M�ller-Teckhof, Henning;;;;70195;Rechtsanw�lte ;;
M�tschele, Heiner;;;;70192;Architekturb�ros ;;
Munder, Horst-J�rgen;;;;70190;Rechtsanw�lte ;;
N�gele Farben-Lacke-Grosshandel, Eugen;;;;70197;Farben und Lacke ;;
N�gele GmbH, Gebr.;;;;70197;Heizungs- und L�ftungsbau ;;
Naegele Kanzlei f�r Arbeitsrecht;;;;70191;Rechtsanw�lte Rechtsanw�lte, Fachanw�lte f�r Arbeitsrecht ;;
Neckar - AG;;;;70191;Energieversorgung ;;
Neckarcom Telekommunikation GmbH;;;;70190;Dienstleistungsbetriebe Telefon-Shops ;;
Necker GmbH, Rolf;;;;70190;Reparaturservice ;;
Neidlein-Spannzeuge GmbH;;;;70193;Pr�zisionswerkzeuge ;;
Neth und Schrader Produktentwickler-Partnerschaft;;;;70190;Forschung und Entwicklung ;;
Netvico GmbH;;;;70199;Computer ;;
Netzwerk-Service GmbH;;;;70193;Datenverarbeitung/ Dienstleistung ;;
Neuer GmbH & Co. KG, E. und W.;;;;70192;Bau- u. Siedlungsgesellschaften, Baubetreuungs- u. Wohnungsuntern., Baugenossenschaften ;;
Niemann, Dr. med. Ingrid;;;;70195;�rzte/ Frauenheilkunde und Geburtshilfe ;;
Niemeier GmbH, Konrad;;;;70197;Malerbetriebe ;;
Nimbus Design GmbH;;;;70193;Beleuchtungsk�rper ;;
no w here Architekten;;;;70197;Architekturb�ros ;;
N�lle, Dipl.-Ing. Andreas;;;;70192;Architekturb�ros ;;
Nordbahnhof-Apotheke;;;;70191;Apotheken ;;
Norden, Dr. Eberhard;;;;70192;Rechtsanw�lte ;;
Nordgrund Immobilien GmbH;;;;70197;Banken, Sparkassen und sonstige Kreditinstitute ;;
Nordgrund Projektmanagement und Verwaltungs GmbH;;;;70197;Ingenieurb�ros ;;
Notter Brennstoffhandlung, Otto;;;;70199;G�ternahverkehr, G�terfernverkehr ;;
Novak, Dipl.-Ing. Albrecht;;;;70190;Architekturb�ros Sachverst�ndige f�r das Bauwesen ;;
Nowa Bau Consulting GmbH;;;;70193;Bauunternehmen ;;
�ko Teck Bau Boden- und Gew�ssersanierung GmbH;;;;70199;Hochbau ;;
Oelssner, Ulrich;;;;70199;Architekturb�ros ;;
Oertel, Dr. med.  Michael;;;;70197;�rzte/ Allgemeinmedizin u. praktische �rzte ;;
OPK Stuttgart-Botnang GmbH;;;;70195;Krankenh�user und Kliniken ;;
Opus Festival- Veranstaltungs- und Management GmbH;;;opus-stuttgart@t-online.de;70199;Theater- und Konzertveranstalter ;;
ORplan - Arbeitsgemeinschaft f�r Orts- u. Regionalplanung, St�dtebau u. Architektur;;;;70190;Architekturb�ros ;;
Orthop�dietechnik Rahmouni GmbH;;;;70191;Orthop�dische Apparate und Artikel ;;
Orthop�dische Klinik OPK GmbH;;http://www.oksb.de;;70195;Krankenh�user und Kliniken ;wahrscheinlich;
OSC-Beratung GmbH;;;;70197;Datenverarbeitung ;;
Osmirol GmbH;;;;70191;Chemische Erzeugnisse ;;
Ott Audit Tax GmbH, Dr.;;;;70195;Steuerberatung ;;
P�usch, Wolfgang;;;;70195;Architekturb�ros Sachverst�ndige ;;
Pahl, Max Rudolf;;;;70199;Papier- und Schreibwaren ;;
Palahati GmbH;;;;70192;Malerbetriebe ;;
Panke GmbH;;;;70197;Bautr�gergesellschaften ;;
Panora-Optik Kircher GmbH & Cie KG;;;;70190;Augenoptiker und optische Fachgesch�fte ;;
Pantzer, Nicolas;;;;70192;Rechtsanw�lte ;;
Parf�merie Gl�ck GmbH;;;;70190;Kosmetische Artikel ;;
Parkhotel am Rundfunk Roswitha Settele;;;;70190;Hotels, Gasth�user und Pensionen ;;
Parys, Dr. Michael;;;;70197;�rzte/ Innere Medizin Allgemein ;;
Patzner Architekten;;;;70199;;;
Patzner Architekten;;;;70199;Architekturb�ros ;;
Peltzer, Dr. Angela;;;;70193;�rzte/ Allgemeinmedizin u. praktische �rzte ;;
Peppe Friseursalon GmbH;;;;70190;Friseursalons ;;
PERAS Personalwirtschaft Administrations Services GmbH;;;;70191;Personalberatung Personalberatung, Personalentwicklung ;;
Perpedes-Fu�st�tzen- GmbH;;;;70193;Orthop�dische Apparate und Artikel ;;
Personal-Anzeigen GmbH;;;;70195;Werbeagenturen ;;
Pewo Bau GmbH;;;;70199;Bautr�gergesellschaften ;;
Pfleiderer GmbH & Co. KG;;;;70191;Altmaterial und Reststoffe ;;
Pfleiderer Rohstoffe GmbH;;;;70191;Toiletten-Mietservice ;;
Pfleiderer Wohnbau-GmbH, Emil;;;;70191;Bau- u. Siedlungsgesellschaften, Baubetreuungs- u. Wohnungsuntern., Baugenossenschaften ;;
Pfletschinger, Andrea u. G�ckeritz, Dipl.-Ing. (FH) Detlef;;;;70199;Architekturb�ros ;;
Philipp, Dr. med. Armin u. Ziegler, Dr. med. Peter;;http://www.derma-stuttgart.de;praxis@derma-stuttgart.de;70190;�rzte/ Allergologie �rzte/ Ambulante Operationen �rzte/ Haut- und Geschlechtskrankheiten �rzte/ Lasertherapie ;wahrscheinlich;
Philippi, V.;;;;70199;Werbung ;;
Ph�nix-Apotheke;;;;70193;Apotheken ;;
Piccolo Gastronomie GmbH;;;;70199;Hotels, Gasth�user und Pensionen ;;
Plakatprojekt GmbH;;;;70190;Automobile ;;
Plan Immobilien und Bauunternehmung GmbH;;;;70199;Hochbau ;;
Plehwe & Storz GmbH;;;;70192;Steuerberatung ;;
P�nig-Mechanik Dieter P�nig;;;;70191;Reparaturservice ;;
Pohl, Dr. med. Christa;;;;70195;�rzte/ Frauenheilkunde und Geburtshilfe ;;
Pommerania Gew�rze GmbH;;;;70193;Gew�rze ;;
Position Werbung und Marketing GmbH;;;;70192;Werbeagenturen ;;
Possin GmbH;;;;70193;Eisen und Stahl ;;
Powerhouse Gym GmbH;;;;70197;Solarien ;;
PPP GmbH;;;;70193;B�rotechnik ;;
Preline GmbH;;;;70191;Telefonmarketing ;;
Pressefoto Kraufmann & Kraufmann GmbH;;;;70191;Fotolaboratorien ;;
Price Waterhouse-Coopers Veltins Rechtsanwaltges. mbH;;;;70191;Rechtsbeistand ;;
Primke Maler GmbH;;http://www.maler-primke.de;mail@maler-primke.de;70197;Malerbetriebe ;wahrscheinlich nicht;wahrscheinlich nicht
Printworks Druck- und Gestaltungsdienstleistungen GmbH;;;;70199;Druckereien ;;
Private Berufs-Fachschule f�r das Dolmetscherwesen GmbH;;;;70190;�bersetzungen ;;
Production Company Stuttgart GmbH;;;;70191;Satzherstellung und Reproduktion ;;
Produktiv Werkzeug-Maschinen Vertriebs GmbH;;;;70193;Werkzeugmaschinen ;;
Profil Stempel und Schilder GmbH;;;profil.stempel-schilder@t-online.de;70197;Papier- und Schreibwaren ;;
Profit Marketing Werbeagentur GmbH;;;;70199;Werbung ;;
Projektmanagement Schwaben Grundst�cks GmbH;;;;70192;Immobilien ;;
PROMA Ges. f�r Produktmarketing und Vertrieb mbH;;;;70193;NE-Metalle ;;
Proma Gesellschaft f�r Bauprojektentwicklung und -management mbH;;;;70197;Grundst�cksgesellschaften ;;
Prostudios Vertriebs GmbH;;;;70197;Fotostudios ;;
PS Pressevertrieb-Service GmbH;;;;70191;Werbung ;;
PS Pressevertrieb-Service GmbH f�r M�hringen und Vaihingen;;;;70191;Verlage ;;
PS Pressevertrieb-Service GmbH f�r Stuttgart-Ost und Untert�rkheim;;;;70191;Zeitungs- und Zeitschriftenvertrieb ;;
PTV Planung Transport Verkehr AG Niederlassung Stuttgart;;;;70191;B�rotechnik ;;
Quality Trailer Systems QTS GmbH;;;;70197;Autoteile und -zubeh�r ;;
Quellen Apotheke im NCB;;;;70195;Apotheken ;;
Quickline GmbH;;;;70191;Datenverarbeitung ;;
R & P Projektbau GmbH;;;;70190;Immobilien ;;
R & P Wohn- und Gewerbe-Immobilien GmbH;;;;70190;Immobilien ;;
Rabaa, Vogel, Ruck + Collegen;;;;70190;Rechtsanw�lte ;;
Radio-Fernseh-Service GmbH;;;;70190;Fernseh-, HiFi-, Videoger�te und -zubeh�r ;;
Radio-Sattler e. K.;;;;70199;Fernseh-, HiFi-, Videoger�te und -zubeh�r ;;
Radtke, Dieter;;;;70193;Rechtsanw�lte ;;
RAM-Maler- und Stukkateurbetrieb Ramljak GmbH;;;;70191;Malerbetriebe ;;
Ramo Transporte GmbH;;;;70199;G�ternahverkehr, G�terfernverkehr ;;
Ramp, Dr. V. Stefan;;;;70197;�rzte/ Allgemeinmedizin u. praktische �rzte ;;
Rat Rat Gastst�tten GmbH;;;;70197;Caf�s ;;
Rathmachers, Bernhard;;;;70190;�rzte/ Augenheilkunde ;;
Rathscheck, Dr. med. R.;;http://www.oksb.de;info@oksb.de;70195;�rzte/ Ambulante Operationen �rzte/ Orthop�die ;wahrscheinlich;
Raufer, Dr.  Helmut;;;;70195;�rzte/ Innere Medizin Allgemein ;;
RCC Medien GmbH;;;;70191;Dienstleistungen Dienstleistungsbetriebe ;;
Regional Bus Stuttgart GmbH;;;regional_bus_stuttgart_gmbh@t-online.de;70197;Omnibusunternehmen ;;
Rehabilitationszentrum Rudolf-Sophien-Stift gemeinn�tzige GmbH;;;;70199;Behinderteneinrichtungen ;;
Rehabilitationszentrum Rudolf-Sophien-Stift gGmbH;;;;70199;Behinderteneinrichtungen ;;
Reich, Adolf;;;;70192;Getreide, Futter- und D�ngemittel ;;
Reichel GmbH;;;;70195;Sanit�re Installationen, Klempnereien ;;
Reichel GmbH, Lothar;;;;70195;Sanit�re Installationen, Klempnereien ;;
REICHERT & SCHULZE;;;;70193;Architekturb�ros ;;
Reichle, Karl;;;;70193;Druckweiterverarbeitung ;;
Reifen Richter GmbH;;;;70190;Autoteile und -zubeh�r ;;
Reinhardt, Dipl.-Ing. Wolfgang;;;;70192;Architekturb�ros ;;
Reinhold, E.;;;;70193;Damenoberbekleidung ;;
Reinigungsservice �lk� GmbH;;;;70197;Geb�udereinigung ;;
Reinigungsunternehmen Lenart GmbH;;;;70192;Geb�udereinigung ;;
Reklame Team Werbeagentur GmbH & Co.;;;;70191;Werbeagenturen ;;
Rema-Hotel Ruff;;;;70191;Hotels, Gasth�user und Pensionen ;;
Remensperger, Christine;;;;70197;Architekturb�ros ;;
Remer, Dr.  Franz;;;;70193;�rzte/ Chiropraktiker �rzte/ Chirurgie ;;
Renata Grundst�cks-Vermiet.gesellschaft mbH & Co. Teltow-Fl�ming KG;;;;70190;Bau- u. Siedlungsgesellschaften, Baubetreuungs- u. Wohnungsuntern., Baugenossenschaften ;;
Rennert & Richter Malergesch�ft GmbH;;;;70191;Malerbetriebe ;;
Renz, Barbara u. Kleiner, Christof;;;;70195;Rechtsanw�lte ;;
Repnow, Jens;;;;70190;Rechtsanw�lte ;;
Reprosatz GmbH;;;reprosatz@t-online.de;70197;Satzherstellung und Reproduktion ;;
Reuter, Dipl.-Ing. G�nter;;;;70191;Architekturb�ros ;;
REWITRA GmbH;;;;70199;Steuerberatung ;;
Richarz Kartoffel Joseph Richarz;;;;70197;Obst, Gem�se und S�dfr�chte ;;
Richarz Logistik GmbH;;;;70197;G�ternahverkehr, G�terfernverkehr ;;
Riegger B�ro f�r Architektur;;;;70193;Architekturb�ros ;;
Rihar, Dipl.-Ing. Miha;;;;70193;Architekturb�ros ;;
Rist, Dipl.-Ing. Christoph;;;;70197;Architekturb�ros ;;
Rittberger, Dipl.-Ing. Rainer;;;;70190;Architekturb�ros ;;
Ritz, Martin;;;;70193;Architekturb�ros ;;
Ritz-Gottschalk, Dr. med. Sonja;;;;70192;�rzte/ Allgemeinmedizin u. praktische �rzte �rzte/ Hom�opathie �rzte/ Naturheilverfahren ;;
Rockenbauch, U. u. Rockenbauch, Dipl.-Ing. R.;;;;70190;Architekturb�ros ;;
Rodenbach & Partner GmbH & Co.Immobilienhandel KG;;;;70197;Bautr�gergesellschaften ;;
R�thlingsh�fer, Dipl.-Ing. Roland;;;;70197;Architektur- und Ingenieurb�ros ;;
Rohn Alteisen und Metalle, A.;;;;70191;Metallwaren ;;
Rohrbacher, Dr. med.  Christian;;;;70193;�rzte/ Psychotherapie ;;
Roko GmbH;;;;70197;Fahrr�der/ Handel ;;
Roll, Dipl.-Ing. Markus;;;;70193;Architekturb�ros ;;
Rolladen Ge�mann GmbH;;;;70197;Rollladen, Rollos und Jalousien ;;
Rosenberg-Apotheke;;;;70193;Apotheken ;;
Rossi GmbH;;;;70195;Dachdeckereien ;;
Rostock GmbH, Bernd;;;;70195;Werbung ;;
Rote Radler Sepp H�r GmbH;;;;70193;Dienstleistungen Dienstleistungsbetriebe ;;
Rotenwald-Apotheke;;;;70197;Apotheken ;;
Roth, Dipl.-Ing. Hans Manfred;;;;70192;Architekturb�ros ;;
Roth, Dipl.-Ing. Heidemarie;;;;70190;Architekturb�ros ;;
Roth, Dr. med.  Matthias;;;;70192;�rzte/ Psychiatrie und Psychotherapie ;;
Roti GmbH;;;;70192;Druckereien ;;
Royal Biergarten Betriebs- GmbH;;;;70195;Hotels, Gasth�user und Pensionen ;;
Rudolph, Dr. med. Felix;;;;70193;�rzte/ Allgemeinmedizin u. praktische �rzte �rzte/ Chiropraktiker ;;
R�dt Lederagentur GmbH, Werner;;;;70192;H�ute und Felle ;;
R�ger Fu�weg-Reinigung GmbH;;;;70190;Entsorgungsunternehmen ;;
R�hl, Siegfried;;;;70195;Textilwaren ;;
R�hle & Co Reinigungsbedarf GmbH;;;;70193;Reinigungs- und Pflegemittel Wasch- und Reinigungsmittel ;;
Ruff, Michaela;;;;70197;Architekturb�ros ;;
ruff-architektur-design;;;;70197;Architekturb�ros ;;
Rutschmann und Partner;;;;70192;Architekturb�ros ;;
RVR Rechtsanw�lte;;http://www.rvr.de;;70197;Rechtsanw�lte Rechtsanw�lte, Fachanw�lte f�r Familienrecht ;wahrscheinlich nicht;wahrscheinlich nicht
RWA Roland Wieser Anlagen f�r Oberfl�chentechnik GmbH;;;;70195;Ingenieurb�ros ;;
RWB Rehlinghaus Wittemann Bronner Partnerschaft Steuerberatungsgesellschaft;;;;70199;Steuerberatung ;;
S & M Geb�udereinigung GmbH;;;;70199;Geb�udereinigung ;;
Saab Zentrum Stuttgart Scan Autohandels GmbH;;;;70191;Automobile ;;
Sabbagh, Dipl.-Ing. Bassam;;;;70197;Architekturb�ros ;;
Sachs GmbH & Co. KG;;;;70192;Gastst�tten ;;
Sachs, Oliver;;;;70195;Rechtsanw�lte ;;
Sage, Dipl.-Ing. Sebastian;;;;70192;Architekturb�ros ;;
Sana - Vita Vertriebs GmbH;;;;70193;Pharmazeutika ;;
Sana Medizintechnisches Servicezentrum GmbH;;;;70190;B�romaschinen/ Reparaturwerkst�tten ;;
Sanavita GmbH;;;;70193;Massagen ;;
Sand & Schott GmbH;;;;70199;Dienstleistungen Dienstleistungsbetriebe ;;
Sander-Lange GmbH;;;;70192;Kantinenbetriebe ;;
Sandvoss GmbH;;;;70197;Maschinen ;;
Sanit�r Nick GmbH;;;;70199;Sanit�re Installationen, Klempnereien ;;
Sanit�r-Wahl GmbH;;http://www.sanitaer-wahl.de;mail@sanitaer-wahl.de;70197;Sanit�rer Installationsbedarf ;wahrscheinlich nicht;wahrscheinlich nicht
Sanit�rkomfort Manfred Betzler GmbH;;;;70197;Sanit�re Installationen, Klempnereien ;;
Sanit�tshaus Carstens Im Marienpark GmbH;;;;70199;Sanit�tsh�user ;;
Sanwald GmbH, Erich;;;;70199;Elektrotechnische Apparate, Bestandteile und Artikel ;;
Sattler GmbH, Radio-;;;;70199;Elektroinstallationen ;;
Sautter, Dipl.-Ing. Wolfgang;;;;70193;Architekturb�ros ;;
SBV E. Schweizer GmbH;;;;70195;Immobilien ;;
Schaad Grundst�cksverwaltungs GmbH & Co. KG, Anni;;;;70190;Bau- u. Siedlungsgesellschaften, Baubetreuungs- u. Wohnungsuntern., Baugenossenschaften ;;
Schabel, Dr. Angela;;;;70191;�rzte/ Innere Medizin H�matologie �rzte/ Laboratoriumsmedizin ;;
Sch�fer Nachf. GmbH, Albert;;;;70193;Lebensmittelindustrie ;;
Sch�fer u. Zechmeister;;;;70190;Rechtsanw�lte Steuerberatung ;;
Schaefer, Norbert;;;;70192;Architekturb�ros ;;
Schaefer, Prof. Dipl.-Ing. Norbert;;;;70192;Architekturb�ros ;;
Sch�uble, Paul;;;;70195;Druckereien ;;
Schaffert, Dr. med. Andreas;;;;70197;�rzte/ Allgemeinmedizin u. praktische �rzte ;;
Schauecker Friedrich & Co GmbH;;;;70191;Malerbetriebe ;;
Schawa TV-Video Film- und Fernsehproduktions GmbH;;;;70197;Film- und Videofilmproduktion ;;
Scheck, Peter;;;;70197;Architekturb�ros ;;
Scherzer & Bengs GmbH;;;;70192;Softwareentwicklung ;;
Scheuermann, Dr. med. Marc;;http://www.drscheuermann.de;ms@drscheuermann.de;70199;�rzte/  Traditionelle chinesische Medizin �rzte/ Akupunktur ;wahrscheinlich nicht;wahrscheinlich nicht
Schiedmayer & S�hne GmbH & Co.;;;;70192;Klaviere ;;
Schier, Hanno u. Haack, Dr. med. Dieter u. M�hlh�user, Dr. med. Heinz;;http://www.chirurgie-marienpark-stuttgart.de;info@chirurgie-marienpark-stuttgart.de;70199;�rzte/ Chiropraktiker �rzte/ Chirurgie �rzte/ Phlebologie �rzte/ Sportmedizin ;error;error
Schirm Modellbau GmbH & Co.;;;;70191;Maschinen ;;
Schirmbeck, Prof. Dr.-Ing. Egon;;;;70191;Architekturb�ros ;;
Schlachter KG, Rudolf;;;;70195;Bau- u. Siedlungsgesellschaften, Baubetreuungs- u. Wohnungsuntern., Baugenossenschaften ;;
Schliz, Dr. med. Michael;;;;70193;�rzte/ Allergologie �rzte/ Hals-, Nasen- und Ohrenheilkunde �rzte/ Haut- und Geschlechtskrankheiten �rzte/ Naturheilverfahren ;;
Schlo� Gastronomie Solitude;;;;70197;Restaurants ;;
Schl�ssel und Schlo� Schonert GmbH;;;;70193;Beschl�ge ;;
Schm�h GmbH;;http://www.schmaeh.de;;70191;Schlossereien ;wahrscheinlich nicht;wahrscheinlich nicht
Schmalzhaf, Gerhard;;;;70195;Architekturb�ros ;;
Schmid,  Dr. med. J�rg;;;;70197;�rzte/ Psychiatrie und Psychotherapie ;;
Schmidt Klimak�lte GmbH, H. W.;;;;70193;Maschinen ;;
Schmidt, Dr.  Volker;;;;70192;�rzte/ Frauenheilkunde und Geburtshilfe ;;
Schmidt, Gunther;;;;70199;Rechtsanw�lte ;;
Schmidt_Rechtsanw�lte;;;info@schmidt-rechtsanwaelte.de;70191;Rechtsanw�lte ;;
Schnaitmann, Eiko;;;;70197;�rzte/ Allgemeinmedizin u. praktische �rzte ;;
Schneble, Juliane;;;;70193;Rechtsanw�lte ;;
Schneider GmbH;;;;70193;Immobilien ;;
Schneider, Prof. Hartwig N.;;;;70191;Architekturb�ros ;;
Schneiderl, Dr. med. Thomas;;http://www.nierenzentrum-stuttgart.de;nierenzentrum.stuttgart@phv-dialyse.de;70191;�rzte/ Diabetologie ;wahrscheinlich;
Sch�bitz & Sch�bitz;;;;70199;Rechtsanw�lte ;;
Sch�nfeld GmbH;;;;70190;Steinmetzbetriebe ;;
Schoenknecht GmbH;;;;70197;Immobilien ;;
Sch�pp-Architekten;;;;70199;Architekturb�ros ;;
Schoko-Paradies;;;;70193;S��waren ;;
Scholl Architekten;;;;70190;Architekturb�ros ;;
Scholz KG Werbemittel, Kurt;;http://www.scholz-promotion.de;;70193;Verm�gensberatung ;error;error
Schrausi GmbH;;;;70197;Oberfl�chenveredelung ;;
Schrausi Schraubensicherungs-GmbH;;;;70197;Werkzeuge ;;
Schreiber, Alexandra;;;;70195;Rechtsanw�lte ;;
Schreier, Dipl.-Ing. Andreas;;;;70190;Architekturb�ros ;;
Schreinerei Berthold GmbH;;;;70190;Tischlereien, Schreinereien ;;
Schr�der, Dr. Edith;;;;70192;�rzte/ Psychiatrie und Psychotherapie ;;
Schr�der, Otto;;;;70193;Dienstleistungen Dienstleistungsbetriebe ;;
Schr�ter GmbH, Erwin;;;;70195;Malerbetriebe ;;
Schubau Gesellschaft f�r Wohnungsbau und Altbausanierung mbH;;;;70192;Bautr�gergesellschaften ;;
Schubert-Apotheke;;;;70195;Apotheken ;;
Sch�ler, Hans;;;;70192;Rechtsanw�lte ;;
Schulz, Dr.;;;anwaltskanzlei-dr.schulz@web.de;70197;Rechtsanw�lte ;;
Schurer � Buecking � Emmert;;;;70190;Rechtsanw�lte ;;
Schuster, Dr. med. Wolfgang u. Schuster, Renate;;;;70193;�rzte/ Allgemeinmedizin u. praktische �rzte ;;
Schwabengarage AG;;http://www.schwabengarage.de;;70190;Automobile ;wahrscheinlich;
Schwabengarage AG & Co. Grundst�cksgesellschaft oHG;;;;70190;Immobilien ;;
Schw�b. Druckerei GmbH;;;;70197;Druckereien ;;
Schw�bische Bau-Boden GmbH;;http://www.schwaebische-bauboden.de;info@schwaebische-bauboden.de;70192;Immobilien ;wahrscheinlich nicht;wahrscheinlich nicht
Schw�bische Immobilien Esther Gold e. Kfr.;;;;70191;Immobilien ;;
Schw�bisches Handelskontor Vermarktungsges. mbH;;;;70192;Immobilien ;;
Schwarz Prof. Spruth und Associates Personalberatung GmbH;;;sknb@spo-partner.de;70191;Unternehmensberatung ;;
Schwarzmann Nachf., Adolf;;;;70199;Metallhalbzeug ;;
Schweizer, Dipl.-Ing. Otto;;;;70197;Architekturb�ros ;;
Schweizer, Dr. med. Baltram u. Schweizer, Dr. med. Ulrike;;;;70199;�rzte/ Hom�opathie �rzte/ Innere Medizin Allgemein �rzte/ Naturheilverfahren ;;
Schwinge-Services Management & Consulting GmbH;;;;70191;Softwareentwicklung ;;
Schwippel, Jakob;;;;70199;Architekturb�ros ;;
Schw�rer, Marketing & Werbung GmbH;;;;70195;Werbeagenturen ;;
Scientifik Institut f�r neuronale DV-Bildanalyse Technologief. Sindbat GmbH;;;;70199;Softwareentwicklung ;;
Seca Immobilien Agentur GmbH;;;;70193;Datenverarbeitung/ Dienstleistung ;;
Seeger & Partner GmbH, H.;;;;70191;Textilwaren ;;
Seibt & Straub GmbH;;;;70199;Softwareentwicklung ;;
Seidenspinner Sportanlagen GmbH;;;;70191;Sportst�ttenbau ;;
Seitter, Dr. & Heinig;;;seitter01@aol.com;70190;Rechtsanw�lte ;;
Seizinger-Geysel, Dr. med. Anne-Rose;;;;70193;�rzte/ Neurologie und Psychiatrie ;;
Selbsthilfe Vermietungsgenossenschaft eG;;;;70195;Bau- u. Siedlungsgesellschaften, Baubetreuungs- u. Wohnungsuntern., Baugenossenschaften ;;
Selekta und Euro-Propaganda Vertriebs- und Beratungs GmbH;;;;70191;Verlage ;;
Sempro Engineering Prozesstechnik GmbH;;;;70191;Ingenieurb�ros ;;
Serve, Reiner;;;;70193;Architekturb�ros ;;
Service Kiosk IT Consulting e. K.;;;karl.kratz@service-kiosk.com;70193;Computer Elektrohandel ;;
Seubert, Axel;;;;70197;Rechtsanw�lte ;;
Seyfert GmbH;;;;70192;Bautr�gergesellschaften ;;
Seyffer, Dr. med. Friedrich;;;;70190;�rzte/ Innere Medizin Allgemein ;;
Seyfried, Dr. jur. Gunther;;;;70193;Rechtsanw�lte ;;
SF Gastst�ttenbetriebe und Warenhandels GmbH;;;;70197;Gastst�ttenbetriebsgesellschaften ;;
SFS Bau GmbH;;;;70197;Innenausbau ;;
SHB Individual Marketing & Advertising Stuttgart GmbH;;;;70193;Public Relations ;;
SI Interdesign Projektmanagement GmbH;;;;70192;Architekturb�ros ;;
SI System Inkasso GmbH;;;;70195;Inkassob�ros ;;
Sign Service-Stuttgarter Werbetechnik- GmbH;;;;70191;Werbeagenturen ;;
Signal Montage GmbH;;;;70191;Pr�fstellen ;;
Sigwart, Hartmut;;;;70192;Anlageberatung ;;
Silberberger & Co. Electronic Parts KG;;;;70195;B�rotechnik ;;
Simmelbauer, Dr. med. Bernhard;;;;70193;�rzte/ Chiropraktiker �rzte/ Orthop�die �rzte/ Sportmedizin ;;
Simon;;;;70190;Architekturb�ros ;;
Simon & Partner;;;SOB@RECHTSLINK.DE;70192;Rechtsanw�lte ;;
Sittig, Dr. med. Anselm;;;;70195;�rzte/ Kinderheilkunde ;;
SKB GmbH;;;skb70190@aol.com;70190;Fliesenfachgesch�fte ;;
Skrobanek Vertrieb e. K., Wolfgang;;;;70192;Uhren ;;
Sledzinski, Achim;;;;70195;Reiseb�ros, Touristik ;;
Smart Electronic Development GmbH;;;smart@smart-gmbh.de;70191;Datenverarbeitungsger�te und -einrichtungen ;;
S�ldner, Dr. Joachim u. M�ller, Dr. S.;;;;70197;�rzte/ Diagnostische Radiologie �rzte/ Radiologie ;;
Sofie Amling Inh. Ute-Carola Hitzer-Pohl;;;;70195;Papier- und Schreibwaren ;;
Soft und Hard Stuttgart GmbH;;;;70199;Softwareentwicklung ;;
Solitude Rennen GmbH;;;;70199;Messen, Ausstellungen und Kongresse ;;
Sommerfeld GmbH;;;;70191;Autoteile und -zubeh�r ;;
Sommerrock, Klaus;;;;70193;Rechtsanw�lte ;;
Sonnenschutztechnik GmbH;;;;70197;Dienstleistungen ;;
Sorg u. Frosch Planungs GmbH;;;;70199;Architekturb�ros ;;
SP Geb�udereinigung GmbH;;;;70197;Geb�udereinigung ;;
Speichermann, Dr. Alexandra;;;;70192;�rzte/ Frauenheilkunde und Geburtshilfe ;;
Spengler, Axel;;;;70192;Rechtsanw�lte ;;
Spiess, Dipl.-Ing. (FH) Helmut;;;;70195;Architekturb�ros ;;
Spirit Projektges. mbH & Co. KG;;;;70199;Softwareentwicklung ;;
Sporberth, Dr. med. Lutz;;;;70193;�rzte/ Mund-, Kiefer- und Gesichtschirurgie ;;
Sportstudio Fit and Funny GmbH;;;;70195;Sportschulen und selbstst�ndige Sportlehrer ;;
Sprint-Digital-Druck GmbH;;;info@sprint-digital-druck.de;70195;Offsetdruckereien, Offsetreproduktion ;;
SST Schreibspitzen-Technik GmbH;;;;70193;Schreibger�te, Schreibwaren ;;
Staatliche Toto-Lotto GmbH;;http://www.toto-lotto-bw.de;kundenservice@lotto-bw.de;70191;Toto und Lotto ;error;error
Stacke GmbH;;http://www.stacke.de;;70190;Werkzeuge ;wahrscheinlich nicht;wahrscheinlich nicht
Stadtbau und Hausmodernisierung GmbH;;;;70191;Bauunternehmen ;;
Stadthotel am Wasen Betriebskommanditgesellschaft;;;;70192;Hotels, Gasth�user und Pensionen ;;
St�cker & Muff Malerwerkst�tte GmbH;;;;70193;Malerbetriebe ;;
Stahlcon GmbH;;http://www.stahlon.de;STAHLCON@t-online.de;70190;Metallhalbzeug ;error;error
Staib;;;;70190;Architekturb�ros ;;
Stanienda, Dr. med. Klaus;;;;70193;�rzte/ Frauenheilkunde und Geburtshilfe ;;
Star Werk GmbH;;;;70190;Geb�udereinigung ;;
Stecher Stukkateurbetrieb GmbH;;;;70199;Stuck, Putz, Rabitz ;;
Stefan, Dr. jur. u. Freiherr vom Holtz, Dr. jur.;;;;70191;Rechtsanw�lte ;;
Steinbr�ck & Skiba Dentalhandels oHG;;;;70190;Zahn�rztlicher Bedarf ;;
Steinbr�ck, Prof. Dr. med. habil. Dr. h. c. mult.  Klaus;;;;70195;�rzte/ Ambulante Operationen �rzte/ Orthop�die �rzte/ Sportmedizin ;;
Steinco Steinmetz Cooperative f�r Fundamentierung und Statik GmbH;;;;70191;Steinmetzbetriebe ;;
Steiner Verlag Wiesbaden GmbH, Franz;;;;70191;Verlage ;;
Steinle GmbH;;;;70195;Gartenbaubetriebe ;;
Steinle-Paul, Dr. med. Elisabeth;;;;70190;�rzte/ Frauenheilkunde und Geburtshilfe ;;
Steinmann Fachzentrum GmbH;;;;70190;Papier- und Schreibwaren ;;
Steinmann GmbH;;;;70190;Papier- und Schreibwaren ;;
Stempel-Gm�hle-Schilder GmbH;;;stempel-gmaehle-schilder@t-online.de;70190;Schreibger�te, Schreibwaren ;;
Stern;;;;70190;Hotels, Gasth�user und Pensionen ;;
Sternagel, Thomas;;;;70197;Architekturb�ros ;;
St�ckach-Apotheke;;;;70190;Apotheken ;;
St�tzler, Dipl.-Ing. Helmut;;;;70191;Architekturb�ros Sachverst�ndige f�r Geb�udesch�den ;;
Stoffel und Partner Werbeagentur GmbH;;;;70197;Werbeagenturen ;;
Storz & Partner GmbH;;;;70193;Ingenieurb�ros ;;
Storz Baubetreuung GmbH;;;;70191;Ingenieurb�ros ;;
Storz Haus und Grund GmbH;;;;70191;Immobilien ;;
Storz Planung GmbH;;;;70191;Ingenieurb�ros ;;
Strache Verlag GmbH & Co., Dr. Wolf;;;;70191;Druckereien ;;
Str��er GmbH & Co. KG;;;;70191;Isolierungen gegen W�rme, K�lte und Schall ;;
Straub, Evelyn;;;;70193;Architekturb�ros ;;
Strichpunkt Agentur f�r visuelle Kommunikation GmbH;;;;70197;Werbeagenturen ;;
Striegel Hausverwaltung GmbH;;;;70192;Bau- u. Siedlungsgesellschaften, Baubetreuungs- u. Wohnungsuntern., Baugenossenschaften ;;
Stroner, Hanns;;;;70192;Architektur- und Ingenieurb�ros ;;
Studio Nordbahnhof Sach- und Werbefotografie Vertriebs GmbH;;;;70191;Fotostudios ;;
Stuttgarter Antiquariat Dr. Frieder Kocher-Benzing & Co. KG;;;;70191;Kunsthandel ;;
Stuttgarter Hofbr�u AG;;;;70199;Brauereien ;;
Stuttgarter Hofbr�u Handelsgesellschaft mbH;;;;70199;Getr�nke ;;
Stuttgarter Hofbr�u Immobilien AG & Co. KG;;;;70199;Immobilien ;;
Stuttgarter Hofbr�u Wohn-Immobilien GmbH & Co. KG;;;;70199;Immobilien ;;
Stuttgarter Hofbr�u-Eck Grundbesitz AG & Co. KG;;;;70199;Immobilien ;;
Stuttgarter Kunstauktionshs. Dr. Fritz Nagel Ges. zur Organisation v. Auktionen;;;contact@auction.de;70190;Auktionatoren und Taxatoren ;;
Stuttgarter Lebensversicherung aG;;;;70197;Versicherungen/ Lebensversicherungen ;;
Stuttgarter Reederei GmbH;;;;70191;Schifffahrt, Binnen ;;
Stuttgarter Versicherung Kapitalanl.-Vermittlungs- GmbH;;;;70197;Banken, Sparkassen und sonstige Kreditinstitute ;;
Stuttgarter Werkst�tten der Lebenshilfe f�r Behinderte gGmbH;;;;70191;Behindertenwerkst�tten ;;
Stuttgarter Werkst�tten der Lebenshilfe gGmbH;;;;70191;Behindertenwerkst�tten ;;
S�d Factoring GmbH;;;kontakt@suedfactoring.de;70191;Dienstleistungen Dienstleistungsbetriebe ;;
S�ddeutscher Zeitungsdienst GmbH;;;;70190;Buchdruckereien ;;
S�ddeutsches Seefrachtenkontor Joachim Lindenau GmbH;;;;70193;Schiffsmakler ;;
S�dfunk Wirtschaftsbetriebe GmbH;;;;70190;Bau- u. Siedlungsgesellschaften, Baubetreuungs- u. Wohnungsuntern., Baugenossenschaften ;;
S�dwest-Werbung GmbH;;;;70190;Werbung ;;
S�dwestdeutsche Rotationspapier ges. W. Steyer Import-Export GmbH & Co.KG;;;;70193;Papier- und Schreibwaren ;;
S�R Seereisen International;;;;70193;Reiseb�ros, Touristik ;;
Sum KG, Martin;;;;70193;Fleisch- und Wurstwaren Fleischverarbeitung ;;
Sunroof Schellhorn Kfz-Ausr�stungs GmbH;;;;70199;Autoteile und -zubeh�r ;;
Susanne Wetterich Kommunikation;;http://www.susanne-wetterich.de;info@susanne-wetterich.de;70193;Public Relations ;wahrscheinlich nicht;wahrscheinlich nicht
SVG Spezialzeitschriften-Verlag GmbH;;;;70190;Verlage ;;
SWA Steuer- und Wirtschafts-Akademie GmbH Zweigniederlassung Stuttgart;;;;70190;Seminarveranstalter ;;
Syn o Media GmbH;;;;70191;Public Relations ;;
Szirmai-Poppel-Bartos, Dr. med. Marta;;;;70191;�rzte/ Augenheilkunde ;;
Takkt AG;;http://www.takkt.de;service@takkt.de;70191;Modeh�user ;wahrscheinlich;
Talbot Yachthandel und Charter GmbH;;;;70192;Boots- und Yachtverleih ;;
Targov, Alexander;;;;70191;�rzte/ Allgemeinmedizin u. praktische �rzte ;;
Technisches Forstunternehmen K�lberer GmbH;;;;70195;Forstwirtschaft ;;
tecos GmbH;;;;70195;Architekturb�ros ;;
Tecos Unternehmensberatung GmbH;;;tecosplanung@t-online.de;70195;Ingenieure, Beratende ;;
Telefonmontage Ascherl GmbH;;;;70197;Elektroinstallationen ;;
Telemedia Placing GmbH Medienmarketing;;;;70199;Werbeagenturen ;;
Tennigkeit, Dipl.-Ing. N.;;;;70190;Architekturb�ros ;;
Tennis-Anlagen GmbH;;;;70192;Sport- und Freizeitanlagen ;;
Tetto Management GmbH;;;info@tetto.de;70197;Bautr�gergesellschaften ;;
Teufel & Cie. oHG, Paul;;;;70193;Fotografische Apparate und Artikel ;;
TFV Technischer Fachverlag GmbH;;;;70193;Zeitungs- und Zeitschriftenverlage ;;
TG Druck und Werbemittel GmbH;;;;70197;Film- und Videofilmproduktion ;;
The mission group Bettina Kr�mer GmbH;;;;70190;Werbung ;;
Theilacker, Dr. Dieter;;;;70192;Rechtsanw�lte ;;
Theiss Verlag GmbH, Konrad;;;sevice@theiss.de;70191;Verlage ;;
Theiss Verlag Verwaltungs GmbH, Konrad;;;sevice@theiss.de;70191;Verwaltungsgesellschaften ;;
Thier & Cie. KG, Louis;;;;70197;Mineral�le ;;
Thumm, Dr. med. Susanne;;;;70190;�rzte/ Frauenheilkunde und Geburtshilfe ;;
Tiedemann Inh. Karl Bressnik, Hugo;;;;70197;Laborbedarf ;;
Titania-Verlag Ferdinand Schroll KG;;;;70193;Verlage ;;
Tompert Ingenieurb�ro GmbH, Dr. Klaus;;;tompert.ing.@t-online.de;70195;Ingenieurb�ros ;;
Tompert, Patrick;;;;70195;Rechtsanw�lte ;;
Top einundzwanzig GmbH;;;;70191;Werbeagenturen ;;
Top Service Druck und Kopie GmbH;;;;70193;Druckereien ;;
Top-Dach GmbH;;;;70193;Dachdeckereien ;;
Traube;;;;70190;Hotels, Gasth�user und Pensionen ;;
Trei Technik Rationalisierung Export-Import GmbH;;;trdeededad@aol.com;70193;Maschinen ;;
Trein, Dr. med. Andreas;;;;70197;�rzte/ Allgemeinmedizin u. praktische �rzte ;;
Treuhand AB Gesellschaft f�r Wirtschaftsberatung und Verwaltung mbH;;;;70190;Werbeagenturen ;;
Treulieb GmbH Grabdenkm�ler, Gustav;;;treulieb@t-online.de;70191;Steine, Naturwerksteine ;;
Trisa KG;;;;70193;Eisen- und Stahlwaren ;;
TS Logistik GmbH;;;;70193;Speditionen ;;
Two Tribes Informationsgestaltung GmbH;;;info@twotribes.de;70197;Unternehmensberatung ;;
UBS Software-Service GmbH;;;ubs@ubsnet.de;70191;Softwareentwicklung ;;
Ulmer, Dr. med. Albrecht;;;;70197;�rzte/ Allgemeinmedizin u. praktische �rzte ;;
Umweltschutz- und Entsorgungs GmbH & Co. KG;;;;70191;Entsorgungsunternehmen ;;
Unit 2 Werbemittelproduktion GmbH;;;;70193;Werbeagenturen ;;
Unit 4 H�rfunk-Public Relation GmbH;;;;70193;Public Relations ;;
Upart Agency Bettina Kr�mer e.K.;;;;70190;Werbung ;;
Urban, Friedrich;;;;70193;Schrott ;;
Usimag U.S. Immobilien Anlagen GmbH;;;;70191;Immobilien ;;
Vary Sys Technologies GmbH & Co. KG;;;;70191;Software ;;
VC Automobile GmbH;;;;70190;Automobile ;;
VDK Baugenossenschaft Baden-W�rtemberg eG;;;;70190;Bau- u. Siedlungsgesellschaften, Baubetreuungs- u. Wohnungsuntern., Baugenossenschaften ;;
Veit, O. P.;;;;70191;Werbeagenturen ;;
Velum Intermedia GmbH;;;;70197;Werbeagenturen ;;
Vereinigte Baumaterialienhandlungen Felix M�ller & Th. Osterritter;;;;70190;Dachbaustoffe ;;
Verlag Axel B.Trunkel;;;verlag@trunkel.de;70190;Fachzeitschriften ;;
Verlag der Stiftung Gralsbotschaft GmbH;;http://www.gral.de;info@gral.de;70192;Zeitungs- und Zeitschriftenverlage ;wahrscheinlich nicht;wahrscheinlich nicht
Verlag Freies Geistesleben und Urachhaus GmbH;;;info@geistesleben.com;70190;Verlage Zeitungen und Zeitschriften ;;
Verlagsgesellschaft Axel B. Trunkel mbH;;;verlag@trunkel.de;70190;Satzherstellung und Reproduktion ;;
Verlagsgesellschaft BWF -Fisch- und Umwelt mbH;;;;70190;Druckereien ;;
Versicherungs-Programme Uwe Th. Pilz GmbH;;;106250-1346@aol.com;70192;Unternehmensberatung ;;
Vetter Inh. E. Vetter, Georg E.;;;;70192;Heimtextilien ;;
Vinzenz von Paul Kliniken GmbH;;;;70199;Reha-Kliniken ;;
Vitessa Vertriebs GmbH;;;;70191;Pharmazeutika ;;
Vivell, Eberhard;;;;70193;Rechtsanw�lte ;;
V�hringer, Gerd;;;;70193;Architekturb�ros ;;
Vogel, Dr. med. Vladimira;;;;70197;�rzte/ Psychiatrie und Psychotherapie ;;
Vohrer & Vohrer Versicherungsmakler GmbH & Co. KG;;;info@vohrerundvohrer.de;70197;Versicherungsmakler ;;
Volk, Dipl.-Ing. (FH) Hermann;;;;70195;Architekturb�ros ;;
Volland Eisenwaren Werkzeuge GmbH;;;;70190;Metallwaren ;;
Vonnak GmbH;;;;70193;Architekturb�ros ;;
Vorteil-Drogerie Parf�merie Walter Burr e. K.;;;;70190;Drogerien ;;
Voscon EDV Dienstleistungen GmbH;;;;70190;B�rotechnik Computer ;;
VRZ Informatik GmbH;;;;70190;Datenverarbeitung ;;
W&P Gesellschaft f�r Projektabwicklung mbH;;;;70192;Dienstleistungen Dienstleistungsbetriebe ;;
Wach- und Werkschutzdienst GmbH;;;;70191;Wach- und Sicherheitsunternehmen ;;
Wacker & S�hne Inh. Thomas Florian, W.;;;;70191;Steinmetzbetriebe ;;
Wacker GmbH, Andreas;;;;70193;Heizungs- und L�ftungsbau ;;
Wacker Zahntechnisches Labor GmbH, Bernd;;;;70190;Zahntechnische Laboratorien ;;
Wagner, Prof. Dipl.-Ing. Friedrich;;;;70195;Architekturb�ros ;;
Waiblinger Textilvertretungen GmbH, Helmut;;;;70199;Bekleidung ;;
Walz GmbH, G.;;;;70199;Friseursalons ;;
Wanner GmbH & Co. KG;;;;70197;Hotels, Gasth�user und Pensionen ;;
Wanner u. Adam;;;;70197;Architekturb�ros ;;
Waschek, Thomas;;;;70193;Rechtsanw�lte ;;
WBS Wohnbau Selbsthilfe Objekt Weil der Stadt GmbH;;;;70195;Bau- u. Siedlungsgesellschaften, Baubetreuungs- u. Wohnungsuntern., Baugenossenschaften ;;
We Bite Records T. Issler;;;;70192;Musikverlage ;;
Webart Internet Services Ges. f�r Internet- und Netzwerktechnik mbH & Co. KG;;http://www.webart.de;statistik@WebArt.net;70191;Datenverarbeitung/ Dienstleistung ;wahrscheinlich;
Weber GmbH, Bernhard;;;;70199;Malerbetriebe ;;
Weber Karton-Vertrieb GmbH, Johanna;;;;70193;Kartonagen ;;
Weber KG;;;;70197;Freizeit- und Erlebnisparks ;;
Weber und Sch�rmaier;;;;70192;Architekturb�ros ;;
Weber Vertriebsgesellschaft mbH, Claudia;;;;70192;Schuhwaren ;;
Weber, Dipl.-Ing. Gerhard;;;;70192;Architekturb�ros ;;
Weber, Dipl.-Ing. H. J�rgen;;;;70193;Architekturb�ros ;;
Wegen, Dr. Gerhard;;;;70192;Rechtsanw�lte ;;
Weikert, Dr. Dipl.-Ing. Franz;;;;70197;Architekturb�ros ;;
Weiler, Ingrid;;;;70191;�rzte/ Frauenheilkunde und Geburtshilfe ;;
Weingand, Thomas;;;;70197;Architekturb�ros ;;
Weis, Dipl.-Ing. G�nther;;;;70191;Architekturb�ros ;;
Weiss + Partner;;;;70199;Architekturb�ros ;;
Weiss, Maria;;;;70197;Elektrogro�handel ;;
Welten, Armin u. Claus, Carsten;;;;70190;Rechtsanw�lte ;;
Weltkugel-Verlag;;;;70195;Verlage ;;
Wemak Werkzeugmaschinenbau K�ngen GmbH;;;;70192;Werkzeugmaschinen ;;
Wengert, Dipl.-Ing. Magdelena;;;;70191;Architekturb�ros ;;
Werbegemeinschaft W�rttembergischer Weing�rtnergenossenschaften eG;;;;70191;Weinbau ;;
Werbegestaltung Schumann GmbH;;;;70193;Werbeagenturen ;;
Werbetreuhand Pattosien GmbH;;;;70195;Werbung ;;
Werkgemeinschaft Prof. Gerber + Gabeler;;;;70192;Architekturb�ros ;;
Wetzel Fensterbau GmbH;;;;70197;Glasereien ;;
WHB GmbH Wohnheim und Hotelbetriebsges.;;;;70190;Hotels, Gasth�user und Pensionen ;;
Wick + Partner;;;;70192;Architekturb�ros ;;
Wick + Partner;;;;70192;Architekturb�ros ;;
Wick und Partner Architekten Stadtplaner;;;;70192;Planungsb�ros ;;
Widerker Aircraft GmbH;;;;70193;Luftverkehrsgesellschaften ;;
Widerker GmbH & Co. KG;;;;70195;Geb�udereinigung ;;
Widmaier, Dr. med. Bettina;;;;70193;�rzte/ Ern�hrungsmedizin �rzte/ Innere Medizin Allgemein ;;
Widmaier, Dr. med. Fritz;;;;70193;�rzte/ Innere Medizin Allgemein �rzte/ Umweltmedizin ;;
Widmann, Roger G. u. Jonk, Curt;;;;70190;Rechtsanw�lte ;;
Wieder, Hans-Christian;;;;70192;Architekturb�ros ;;
Wilhelm & Sohn GmbH;;;contact@wkg.de;70197;Maschinenbau ;;
Windenergie M�nchenreuth GmbH & Co. KG;;;;70193;Energieversorgung ;;
Winkler, Dipl.-Ing. Eberhard;;;;70192;Architekturb�ros ;;
Wirrig Kr�mer & Co. GmbH, Dipl.-Ing.;;;;70195;Immobilien ;;
Wissenbach, Heinrich;;;;70197;Textilwaren ;;
Wissenschaftliche Verlagsgesellschaft mbH;;;;70191;Verlage ;;
Witt, Dipl.-Ing. Hinrich u. Schubert, Jaros;;;;70190;Architekturb�ros ;;
W�lpert, Dr. jur. Horst;;;;70193;Rechtsanw�lte ;;
W�rner, Erika;;;;70197;Rechtsanw�lte ;;
W�rner, Wilfried;;;;70191;Architekturb�ros ;;
Wohnbau Epple GmbH & Co. KG;;;;70192;Immobilien ;;
Wohnbau Staiger GmbH;;;;70191;Bauunternehmen ;;
Wohnungsbau Gebr. Braun GmbH;;;;70192;Immobilien ;;
Wohnungsbau Rehm GmbH;;;;70193;Bau- u. Siedlungsgesellschaften, Baubetreuungs- u. Wohnungsuntern., Baugenossenschaften ;;
Wohungsbaugenossenschaft Neckartal eG;;;;70191;Immobilien ;;
Wolf, Dr. med.  Dieter;;;;70191;�rzte/ Innere Medizin Allgemein ;;
Wollmann-Wohlleben, Dr. med. Verena;;;;70190;�rzte/ Frauenheilkunde und Geburtshilfe ;;
Wollmerstedt,  Dr. med. Helga Carmen;;;;70199;�rzte/ Allgemeinmedizin u. praktische �rzte ;;
Wolzenburg, Dipl.-Ing. Harald;;;;70199;Architekturb�ros ;;
Womatschka, Dipl.-Ing. Walter;;;;70195;Architekturb�ros ;;
Wonner und Partner;;http://www.wonner-und-partner.de;info@wonner-architektur.de;70191;Architekturb�ros ;error;error
Wonner, Michael;;;;70191;Architekturb�ros ;;
Worch Elektronik GmbH;;;;70190;Elektrofachhandel Elektrohandel ;;
W�ndrich-Meissen Creativ Consulting GmbH;;;wmcc@wmcc-werbeagentur.de;70191;Werbeagenturen ;;
W�rttemberger Bau Boden Bautr�gergesellschaft mbH;;;;70197;Immobilien ;;
Wurlitzer, Dipl.-Ing. Norbert;;;;70192;Architekturb�ros ;;
Wurst,  Dr. med. Bernhard;;;;70191;�rzte/ Allgemeinmedizin u. praktische �rzte ;;
WWD Window Werbedesign GmbH;;;;70190;Werbeagenturen ;;
WWT Technischer Ger�tebau GmbH;;;wwt-gmbh@t-online.de;70190;Medizinische Apparate und Einrichtungen ;;
Wyko Vertrieb von Industrie erzeugnissen GmbH;;;;70190;Maschinen ;;
Xenia;;;;70197;Hotels, Gasth�user und Pensionen ;;
Zaumseil, Dipl.-Ing. Wolfgang;;;;70193;Architekturb�ros ;;
Zengl und Partner;;;;70197;Architekturb�ros ;;
Zentrum Plastische Chirurgie Marienhospital;;;;70199;�rzte/ Plastische Chirurgie ;;
ZF Wohnungsmarkt Stuttgart GmbH;;;;70197;Bautr�gergesellschaften ;;
Ziegelmeyer Papier- und  Schreibwaren, F.;;;;70191;Papier- und Schreibwaren ;;
Ziegler, Dr. med. Dr. rer. soc. Gismar;;;;70197;�rzte/ Allgemeinmedizin u. praktische �rzte ;;
Ziegler, Dr. med. Peter u. 	Philipp, Dr. med. Armin;;http://www.derma-stuttgart.de;praxis@derma-stuttgart.de;70190;�rzte/ Allergologie �rzte/ Ambulante Operationen �rzte/ Haut- und Geschlechtskrankheiten �rzte/ Lasertherapie ;wahrscheinlich;
Ziegler, Karl-Heinz;;;;70197;Druckereien ;;
Ziegler, Simone;;;;70190;Architekturb�ros ;;
Ziller, Hans;;;;70199;Rechtsanw�lte ;;
Zimmermann GmbH;;;;70199;Fertigbauteile ;;
Zimmermann GmbH, Th.;;;dschreiner@t-online.de;70197;Bautischlereien, Bauschreinereien ;;
Zitzewitz, Dorothee von;;;;70199;Rechtsanw�lte ;;
ZPKO Dr. Klaus Kolb Strahlenschutz GmbH;;;;70192;Sachverst�ndige ;;
ZSP Architekten;;;;70197;Architekturb�ros ;;
Zwingmann, Dr. Klaus und Rose;;;;70192;Rechtsanw�lte ;;